model,RMSE_val,RMSE_test,MAE_val,MAE_test,directional_accuracy_val,directional_accuracy_test,balanced_directional_accuracy_val,balanced_directional_accuracy_test,selisih_rmse_vs_naive_terbaik
ElasticNet [Skenario A (Lexicon)],0.00337203671082049,0.002893427215937476,0.0024594337894587276,0.002180062339998724,0.5251396648044693,0.5777777777777777,0.5,0.5,-1.4393897038202097e-05
ElasticNet [Skenario B (+TF-IDF 3)],0.00337203671082049,0.002893427215937476,0.0024594337894587276,0.002180062339998724,0.5251396648044693,0.5777777777777777,0.5,0.5,-1.4393897038202097e-05
ElasticNet [TS-only],0.00337203671082049,0.002893427215937476,0.0024594337894587276,0.002180062339998724,0.5251396648044693,0.5777777777777777,0.5,0.5,-1.4393897038202097e-05
ElasticNet [Skenario C (+TF-IDF 20)],0.003370631797929722,0.002898441594879453,0.0024527797629446666,0.0021906114027994404,0.5363128491620112,0.5722222222222222,0.5123279098873592,0.4951923076923077,-9.379518096225108e-06
Naive Zero Return,0.0033739249320064333,0.002907821112975678,0.0024637907400443665,0.002205175631398231,0.4748603351955307,0.4222222222222222,0.5,0.5,0.0
LightGBM [TS-only],0.003493031890254818,0.003008085951370121,0.002671536727247357,0.0022875312183612564,0.5139664804469274,0.49444444444444446,0.5152690863579474,0.49696356275303644,0.00010026483839444293
XGBoost [Skenario A (Lexicon)],0.003584223617302122,0.0030936756211325535,0.002637100420621865,0.0023116982130769806,0.46368715083798884,0.46111111111111114,0.46739674593241554,0.4557186234817814,0.00018585450815687557
LightGBM [Skenario C (+TF-IDF 20)],0.003453146240678513,0.0031469337677087327,0.0025291149383615077,0.0024420487712934046,0.5586592178770949,0.45555555555555555,0.5555694618272842,0.4331983805668016,0.00023911265473305476
XGBoost [Skenario C (+TF-IDF 20)],0.003409179767357807,0.00318142280473021,0.0025019478097364433,0.0024546148475973533,0.5642458100558659,0.4444444444444444,0.5682102628285357,0.4483805668016194,0.0002736016917545322
LightGBM [Skenario B (+TF-IDF 3)],0.003481070929154602,0.0032039229926202387,0.0025808570802943226,0.0024978449732660467,0.4972067039106145,0.4722222222222222,0.502127659574468,0.4865890688259109,0.00029610187964456075
XGBoost [Skenario B (+TF-IDF 3)],0.003503717987799639,0.00324924065658371,0.002566176324420684,0.002505601843677303,0.5754189944134078,0.45555555555555555,0.5816645807259074,0.48633603238866396,0.0003414195436080322
LightGBM [Skenario A (Lexicon)],0.0035330570977627858,0.003316152478767334,0.0026621711683569842,0.0026114872113521263,0.5139664804469274,0.3888888888888889,0.5220275344180225,0.4215587044534413,0.00040833136579165614
XGBoost [TS-only],0.0036277154495731865,0.003344427798319286,0.0028558047991065895,0.0026453881275421876,0.46368715083798884,0.4166666666666667,0.47528160200250313,0.4916497975708502,0.0004366066853436082
Naive Last Return,0.004600147149103055,0.0039770149251802745,0.0034591522225664354,0.003084162647003435,0.5139664804469274,0.55,0.5124530663329161,0.5397267206477733,0.0010691938122045965
