NO,Nilai,Kurs Jual,Kurs Beli,Tanggal,kurs_tengah,log_return
1202,1,14377.53,14234.47,2021-09-01,14306.0,
1201,1,14355.42,14212.58,2021-09-02,14284.0,-0.0015389999539900945
1200,1,14352.41,14209.6,2021-09-03,14281.005000000001,-0.00020969714592897247
1199,1,14332.31,14189.7,2021-09-06,14261.005000000001,-0.0014014432251551884
1198,1,14310.2,14167.81,2021-09-07,14239.005000000001,-0.0015438594140670802
1197,1,14265.98,14124.03,2021-09-08,14195.005000000001,-0.00309488778547519
1196,1,14337.33,14194.67,2021-09-09,14266.0,0.004988941694270735
1195,1,14343.36,14200.64,2021-09-10,14272.0,0.00042049198180725686
1194,1,14296.13,14153.88,2021-09-13,14225.005,-0.0032982443314719103
1193,1,14331.3,14188.7,2021-09-14,14260.0,0.002457083479968293
1192,1,14328.29,14185.72,2021-09-15,14257.005000000001,-0.00021005010947058273
1191,1,14323.26,14180.74,2021-09-16,14252.0,-0.00035111713308970426
1190,1,14309.19,14166.81,2021-09-17,14238.0,-0.0009828010619080888
1189,1,14304.17,14161.84,2021-09-20,14233.005000000001,-0.0003508832969715788
1188,1,14322.26,14179.75,2021-09-21,14251.005000000001,0.001263867158875486
1187,1,14315.22,14172.78,2021-09-22,14244.0,-0.0004916651280540683
1186,1,14320.25,14177.76,2021-09-23,14249.005000000001,0.0003513142998766062
1185,1,14327.28,14184.72,2021-09-24,14256.0,0.0004907910130456622
1184,1,14321.25,14178.75,2021-09-27,14250.0,-0.00042096401379397466
1183,1,14329.29,14186.71,2021-09-28,14258.0,0.0005612459807772427
1182,1,14340.35,14197.66,2021-09-29,14269.005000000001,0.0007715496629197846
1181,1,14378.54,14235.47,2021-09-30,14307.005000000001,0.00265957510505539
1180,1,14392.61,14249.4,2021-10-01,14321.005000000001,0.000978063170722852
1179,1,14386.58,14243.43,2021-10-04,14315.005000000001,-0.0004190528001494042
1178,1,14347.38,14204.62,2021-10-05,14276.0,-0.0027284822060714125
1177,1,14331.3,14188.7,2021-10-06,14260.0,-0.001121390641764047
1176,1,14316.23,14173.78,2021-10-07,14245.005000000001,-0.0010520960359887467
1175,1,14309.19,14166.81,2021-10-08,14238.0,-0.0004918722684795897
1174,1,14296.13,14153.88,2021-10-11,14225.005,-0.0009131151754998754
1173,1,14281.05,14138.95,2021-10-12,14210.0,-0.0010553893971723943
1172,1,14288.09,14145.92,2021-10-13,14217.005000000001,0.0004928412361267531
1171,1,14292.11,14149.9,2021-10-14,14221.005000000001,0.0002813136380764786
1170,1,14225.78,14084.23,2021-10-15,14155.005000000001,-0.004651825187338484
1169,1,14154.42,14013.58,2021-10-18,14084.0,-0.005028870503067961
1168,1,14166.48,14025.52,2021-10-19,14096.0,0.0008516679010175157
1167,1,14150.4,14009.6,2021-10-21,14080.0,-0.0011357184639273798
1166,1,14203.67,14062.34,2021-10-22,14133.005000000001,0.0037574914379836853
1165,1,14232.81,14091.19,2021-10-25,14162.0,0.0020494790617020405
1164,1,14253.92,14112.09,2021-10-26,14183.005000000001,0.001482095617550832
1163,1,14235.83,14094.18,2021-10-27,14165.005000000001,-0.0012699305820116536
1162,1,14254.92,14113.08,2021-10-28,14184.0,0.0013400825067852711
1161,1,14270.0,14128.01,2021-10-29,14199.005000000001,0.0010573229577264085
1160,1,14241.86,14100.15,2021-11-01,14171.005000000001,-0.001973916053710991
1159,1,14306.18,14163.83,2021-11-02,14235.005000000001,0.004506096300943608
1158,1,14332.31,14189.7,2021-11-03,14261.005000000001,0.00182481738425194
1157,1,14372.51,14229.5,2021-11-04,14301.005000000001,0.0028009251555197595
1156,1,14398.64,14255.37,2021-11-05,14327.005000000001,0.0018164033859517517
1155,1,14445.87,14302.13,2021-11-08,14374.0,0.0032748011436616953
1154,1,14339.34,14196.66,2021-11-09,14268.0,-0.007401751549605742
1153,1,14304.17,14161.84,2021-11-10,14233.005000000001,-0.002455704111935153
1152,1,14324.27,14181.74,2021-11-11,14253.005000000001,0.0014041982914621966
1151,1,14359.44,14216.56,2021-11-12,14288.0,0.0024522624579711673
1150,1,14314.22,14171.79,2021-11-15,14243.005000000001,-0.003154115132117253
1149,1,14277.03,14134.97,2021-11-16,14206.0,-0.002601498426407832
1148,1,14282.06,14139.95,2021-11-17,14211.005000000001,0.00035225387416821765
1147,1,14330.3,14187.71,2021-11-18,14259.005,0.0033719725058602933
1146,1,14302.16,14159.85,2021-11-19,14231.005000000001,-0.0019656019085316327
1145,1,14308.19,14165.82,2021-11-22,14237.005000000001,0.0004215257820157644
1144,1,14326.28,14183.73,2021-11-23,14255.005000000001,0.0012635122895642194
1143,1,14343.36,14200.64,2021-11-24,14272.0,0.0011915027189582886
1142,1,14343.36,14200.64,2021-11-25,14272.0,0.0
1141,1,14351.4,14208.6,2021-11-26,14280.0,0.0005603810737846829
1140,1,14351.4,14208.6,2021-11-29,14280.0,0.0
1139,1,14411.7,14268.3,2021-11-30,14340.0,0.004192878260035958
1138,1,14391.6,14248.4,2021-12-01,14320.0,-0.0013956736389746914
1137,1,14424.77,14281.24,2021-12-02,14353.005000000001,0.0023021664159112434
1136,1,14449.89,14306.11,2021-12-03,14378.0,0.0017399326132691102
1135,1,14480.04,14335.96,2021-12-06,14408.0,0.0020843473119750732
1134,1,14513.21,14368.8,2021-12-07,14441.005,0.002288121507123277
1133,1,14480.04,14335.96,2021-12-08,14408.0,-0.0022881215071233834
1132,1,14419.74,14276.26,2021-12-09,14348.0,-0.004173048203618808
1131,1,14422.76,14279.25,2021-12-10,14351.005000000001,0.00020941492647451014
1130,1,14449.89,14306.11,2021-12-13,14378.0,0.001879285965169073
1129,1,14417.73,14274.27,2021-12-14,14346.0,-0.00222810285743707
1128,1,14419.74,14276.26,2021-12-15,14348.0,0.00013940196579338425
1127,1,14408.69,14265.32,2021-12-16,14337.005000000001,-0.0007666026579713509
1126,1,14414.72,14271.29,2021-12-17,14343.005000000001,0.00041840990205599605
1125,1,14414.72,14271.29,2021-12-20,14343.005000000001,0.0
1124,1,14455.92,14312.08,2021-12-21,14384.0,0.0028541108151435967
1123,1,14420.75,14277.26,2021-12-22,14349.005000000001,-0.002435875906717176
1122,1,14335.32,14192.68,2021-12-23,14264.0,-0.005941721261708038
1121,1,14322.26,14179.75,2021-12-24,14251.005000000001,-0.0009114500172539247
1120,1,14290.1,14147.91,2021-12-27,14219.005000000001,-0.0022479804872407865
1119,1,14296.13,14153.88,2021-12-28,14225.005,0.00042188144983714343
1118,1,14308.19,14165.82,2021-12-29,14237.005000000001,0.0008432293229492465
1117,1,14336.33,14193.68,2021-12-30,14265.005000000001,0.0019647743445080526
1116,1,14340.35,14197.66,2021-12-31,14269.005000000001,0.0002803671847175656
1115,1,14349.39,14206.61,2022-01-03,14278.0,0.0006301887219123545
1114,1,14341.35,14198.65,2022-01-04,14270.0,-0.0005604595915237604
1113,1,14381.55,14238.45,2022-01-05,14310.0,0.0027991620796145524
1112,1,14436.83,14293.18,2022-01-06,14365.005000000001,0.003836446931054187
1111,1,14467.98,14324.02,2022-01-07,14396.0,0.002155349717370562
1110,1,14431.8,14288.2,2022-01-10,14360.0,-0.0025038265967061903
1109,1,14394.62,14251.39,2022-01-11,14323.005000000001,-0.0025795777335328725
1108,1,14370.5,14227.51,2022-01-12,14299.005000000001,-0.0016770314610937192
1107,1,14373.51,14230.49,2022-01-13,14302.0,0.0002094332007527314
1106,1,14382.56,14239.45,2022-01-14,14311.005000000001,0.0006294340840681085
1105,1,14381.55,14238.45,2022-01-17,14310.0,-7.022814191282079e-05
1104,1,14394.62,14251.39,2022-01-18,14323.005000000001,0.0009083923181855973
1103,1,14396.63,14253.38,2022-01-19,14325.005,0.00013962575433676717
1102,1,14441.85,14298.15,2022-01-20,14370.0,0.003136088450051708
1101,1,14425.77,14282.23,2022-01-21,14354.0,-0.0011140510830533626
1100,1,14418.74,14275.27,2022-01-24,14347.005000000001,-0.0004874393867739949
1099,1,14398.64,14255.37,2022-01-25,14327.005000000001,-0.0013949917185169542
1098,1,14429.79,14286.21,2022-01-26,14358.0,0.0021610602517020956
1097,1,14417.73,14274.27,2022-01-27,14346.0,-0.0008361204500485702
1096,1,14456.93,14313.08,2022-01-28,14385.005000000001,0.0027151868834974307
1095,1,14452.91,14309.1,2022-01-31,14381.005000000001,-0.00027810600258992493
1094,1,14463.96,14320.04,2022-02-02,14392.0,0.00076425806308172
1093,1,14418.74,14275.27,2022-02-03,14347.005000000001,-0.0031312870271258484
1092,1,14452.91,14309.1,2022-02-04,14381.005000000001,0.0023670289640440293
1091,1,14447.88,14304.12,2022-02-07,14376.0,-0.00034808910389224615
1090,1,14476.02,14331.98,2022-02-08,14404.0,0.0019457963053708047
1089,1,14456.93,14313.08,2022-02-09,14385.005000000001,-0.0013196011988886864
1088,1,14437.83,14294.17,2022-02-10,14366.0,-0.0013220409351302
1087,1,14415.72,14272.28,2022-02-11,14344.0,-0.0015325673497781163
1086,1,14430.8,14287.21,2022-02-14,14359.005,0.0010455352230113373
1085,1,14409.69,14266.31,2022-02-15,14338.0,-0.0014639160951625187
1084,1,14363.46,14220.54,2022-02-16,14292.0,-0.003213415269517138
1083,1,14349.39,14206.61,2022-02-17,14278.0,-0.0009800490808945848
1082,1,14372.51,14229.5,2022-02-18,14301.005000000001,0.0016099234363687656
1081,1,14410.7,14267.31,2022-02-21,14339.005000000001,0.002653631915555245
1080,1,14400.65,14257.36,2022-02-22,14329.005000000001,-0.0006976417550842419
1079,1,14433.81,14290.19,2022-02-23,14362.0,0.0023000250110171943
1078,1,14426.78,14283.23,2022-02-24,14355.005000000001,-0.0004871678044659422
1077,1,14442.86,14299.15,2022-02-25,14371.005000000001,0.001113973131289886
1076,1,14440.85,14297.16,2022-03-01,14369.005000000001,-0.0001391787966133783
1075,1,14421.75,14278.25,2022-03-02,14350.0,-0.0013235140127062
1074,1,14444.87,14301.14,2022-03-04,14373.005000000001,0.001601852237891089
1073,1,14454.92,14311.09,2022-03-07,14383.005000000001,0.0006955068107923781
1072,1,14483.06,14338.95,2022-03-08,14411.005000000001,0.0019448495590362559
1071,1,14465.97,14322.03,2022-03-09,14394.0,-0.001180697727737356
1070,1,14442.86,14299.15,2022-03-10,14371.005000000001,-0.0015988180706628682
1069,1,14369.49,14226.51,2022-03-11,14298.0,-0.0050929676702895655
1068,1,14377.53,14234.47,2022-03-14,14306.0,0.0005593623415319996
1067,1,14399.64,14256.36,2022-03-15,14328.0,0.0015366350722185952
1066,1,14392.61,14249.4,2022-03-16,14321.005000000001,-0.0004883241242760151
1065,1,14382.56,14239.45,2022-03-17,14311.005000000001,-0.0006985189238623216
1064,1,14361.45,14218.55,2022-03-18,14290.0,-0.0014688297684963634
1063,1,14411.7,14268.3,2022-03-21,14340.0,0.003492843229698169
1062,1,14412.71,14269.3,2022-03-22,14341.005,7.008122626172215e-05
1061,1,14429.79,14286.21,2022-03-23,14358.0,0.001184361756555111
1060,1,14422.76,14279.25,2022-03-24,14351.005000000001,-0.00048730355778062043
1059,1,14432.81,14289.2,2022-03-25,14361.005000000001,0.0006965726470799921
1058,1,14412.71,14269.3,2022-03-28,14341.005,-0.0013936308458546323
1057,1,14431.8,14288.2,2022-03-29,14360.0,0.0013236472223420307
1056,1,14435.82,14292.18,2022-03-30,14364.0,0.0002785127437582336
1055,1,14420.75,14277.26,2022-03-31,14349.005000000001,-0.0010444745412891176
1054,1,14428.79,14285.22,2022-04-01,14357.005000000001,0.000557374585120801
1053,1,14435.82,14292.18,2022-04-04,14364.0,0.00048709995616837815
1052,1,14433.81,14290.19,2022-04-05,14362.0,-0.00013924667571059022
1051,1,14419.74,14276.26,2022-04-06,14348.0,-0.0009752700180896297
1050,1,14435.82,14292.18,2022-04-07,14364.0,0.0011145166938001574
1049,1,14430.8,14287.21,2022-04-08,14359.005,-0.000347804837993401
1048,1,14436.83,14293.18,2022-04-11,14365.005000000001,0.000417768973570672
1047,1,14441.85,14298.15,2022-04-12,14370.0,0.00034765959151974426
1046,1,14435.82,14292.18,2022-04-13,14364.0,-0.00041762372709714903
1045,1,14430.8,14287.21,2022-04-14,14359.005,-0.000347804837993401
1044,1,14420.75,14277.26,2022-04-18,14349.005000000001,-0.0006966697032957591
1043,1,14427.78,14284.22,2022-04-19,14356.0,0.0004873714628135116
1042,1,14418.74,14275.27,2022-04-20,14347.005000000001,-0.0006267636642546968
1041,1,14422.76,14279.25,2022-04-21,14351.005000000001,0.0002787649754044673
1040,1,14419.74,14276.26,2022-04-22,14348.0,-0.0002094149264744919
1039,1,14432.81,14289.2,2022-04-25,14361.005000000001,0.0009059875735544736
1038,1,14524.26,14379.74,2022-04-26,14452.0,0.006316266041803098
1037,1,14484.06,14339.94,2022-04-27,14412.0,-0.002771620399547022
1036,1,14490.09,14345.91,2022-04-28,14418.0,0.000416233096540073
1035,1,14552.4,14407.6,2022-05-09,14480.0,0.004290960975183358
1034,1,14606.67,14461.33,2022-05-10,14534.0,0.003722345236873773
1033,1,14618.73,14473.27,2022-05-11,14546.0,0.0008253095379047395
1032,1,14618.73,14473.27,2022-05-12,14546.0,0.0
1031,1,14657.93,14512.08,2022-05-13,14585.005000000001,0.0026779044052408067
1030,1,14692.1,14545.91,2022-05-17,14619.005000000001,0.002328448412488818
1029,1,14724.26,14577.75,2022-05-18,14651.005000000001,0.002186539242672597
1028,1,14755.41,14608.59,2022-05-19,14682.0,0.002113319895838483
1027,1,14804.66,14657.35,2022-05-20,14731.005000000001,0.003332202564424292
1026,1,14734.31,14587.7,2022-05-23,14661.005000000001,-0.004763208256087808
1025,1,14738.33,14591.68,2022-05-24,14665.005000000001,0.0002727953802652748
1024,1,14726.27,14579.74,2022-05-25,14653.005000000001,-0.0008186094943089016
1023,1,14718.23,14571.78,2022-05-27,14645.005000000001,-0.0005461121897920854
1022,1,14650.89,14505.11,2022-05-30,14578.0,-0.004585778733069047
1021,1,14616.72,14471.28,2022-05-31,14544.0,-0.0023350055248981994
1020,1,14664.96,14519.04,2022-06-02,14592.0,0.0032948958968524846
1019,1,14598.63,14453.37,2022-06-03,14526.0,-0.004533286147999155
1018,1,14503.16,14358.85,2022-06-06,14431.005000000001,-0.006561130253760038
1017,1,14534.31,14389.69,2022-06-07,14462.0,0.0021455028225437563
1016,1,14536.32,14391.68,2022-06-08,14464.0,0.00013828389706046715
1015,1,14549.39,14404.62,2022-06-09,14477.005000000001,0.0008987248974493812
1014,1,14627.78,14482.23,2022-06-10,14555.005000000001,0.0053733921748196955
1013,1,14641.85,14496.16,2022-06-13,14569.005000000001,0.0009614061441642702
1012,1,14745.36,14598.64,2022-06-14,14672.0,0.0070445886478550795
1011,1,14802.65,14655.36,2022-06-15,14729.005000000001,0.0038777634595983717
1010,1,14819.73,14672.27,2022-06-16,14746.0,0.00115318059375151
1009,1,14814.71,14667.3,2022-06-17,14741.005,-0.00033879331236103325
1008,1,14902.14,14753.86,2022-06-20,14828.0,0.005884219033387941
1007,1,14910.18,14761.82,2022-06-21,14836.0,0.0005393743388585531
1006,1,14878.02,14729.98,2022-06-22,14804.0,-0.0021592451034348637
1005,1,14934.3,14785.7,2022-06-23,14860.0,0.0037756247657036736
1004,1,14909.18,14760.83,2022-06-24,14835.005000000001,-0.0016834485061028087
1003,1,14920.23,14771.77,2022-06-27,14846.0,0.0007408779118449747
1002,1,14876.01,14727.99,2022-06-28,14802.0,-0.002968161920080536
1001,1,14911.19,14762.82,2022-06-29,14837.005000000001,0.002362091188674698
1000,1,14922.24,14773.76,2022-06-30,14848.0,0.0007407780798953774
999,1,14956.41,14807.59,2022-07-01,14882.0,0.0022872529312248074
998,1,15030.78,14881.22,2022-07-04,14956.0,0.004960128139797819
997,1,15034.8,14885.2,2022-07-05,14960.0,0.00026741543146380003
996,1,15064.95,14915.05,2022-07-06,14990.0,0.002003339568175104
995,1,15090.08,14939.93,2022-07-07,15015.005000000001,0.0016667223210649622
994,1,15060.93,14911.07,2022-07-08,14986.0,-0.0019336024934522278
993,1,15055.91,14906.1,2022-07-11,14981.005000000001,-0.0003333666508387214
992,1,15043.84,14894.16,2022-07-12,14969.0,-0.0008016693581815307
991,1,15067.97,14918.03,2022-07-13,14993.0,0.0016020295796673166
990,1,15059.92,14910.08,2022-07-14,14985.0,-0.0005337247441395739
989,1,15074.0,14924.0,2022-07-15,14999.0,0.0009338314445958976
988,1,15074.0,14924.0,2022-07-18,14999.0,0.0
987,1,15060.93,14911.07,2022-07-19,14986.0,-0.0008671002711034801
986,1,15066.96,14917.04,2022-07-20,14992.0,0.0004002935539473127
985,1,15058.92,14909.08,2022-07-21,14984.0,-0.0005337603542789638
984,1,15092.08,14941.92,2022-07-22,15017.0,0.002199927556356212
983,1,15099.12,14948.88,2022-07-25,15024.0,0.00046602976776335167
982,1,15066.96,14917.04,2022-07-26,14992.0,-0.002132196969840711
981,1,15058.92,14909.08,2022-07-27,14984.0,-0.0005337603542789638
980,1,15095.1,14944.9,2022-07-28,15020.0,0.0023996811942012222
979,1,15032.79,14883.21,2022-07-29,14958.0,-0.0041363725665128515
978,1,14934.3,14785.7,2022-08-01,14860.0,-0.0065732344798627275
977,1,14948.37,14799.63,2022-08-02,14874.0,0.0009416829914952847
976,1,14962.44,14813.56,2022-08-03,14888.0,0.0009407970588412273
975,1,14991.58,14842.42,2022-08-04,14917.0,0.0019459828318438308
974,1,15003.65,14854.35,2022-08-05,14929.0,0.0008041278996596365
973,1,14978.52,14829.48,2022-08-08,14904.0,-0.0016759967721657791
972,1,14989.58,14840.42,2022-08-09,14915.0,0.0007377846674243997
971,1,14936.31,14787.69,2022-08-10,14862.0,-0.003559798231434327
970,1,14949.38,14800.63,2022-08-11,14875.005,0.0008746678308131087
969,1,14873.0,14725.0,2022-08-12,14799.0,-0.005122676646379803
968,1,14761.44,14614.56,2022-08-15,14688.0,-0.0075287770415761865
967,1,14800.64,14653.36,2022-08-16,14727.0,0.002651709865890583
966,1,14840.83,14693.17,2022-08-18,14767.0,0.0027124177476118574
965,1,14896.11,14747.89,2022-08-19,14822.0,0.003717602037530229
964,1,14932.29,14783.71,2022-08-22,14858.0,0.002425877200447256
963,1,14956.41,14807.59,2022-08-23,14882.0,0.0016139882454550886
962,1,14967.47,14818.53,2022-08-24,14893.0,0.0007388749286610539
961,1,14925.25,14776.75,2022-08-25,14851.0,-0.002824100854922393
960,1,14901.14,14752.86,2022-08-26,14827.0,-0.0016173600129190727
959,1,14888.07,14739.93,2022-08-29,14814.0,-0.0008771634447916219
958,1,14961.43,14812.57,2022-08-30,14887.0,0.004915669303822712
957,1,14949.38,14800.63,2022-08-31,14875.005,-0.0008060613288294816
956,1,14927.26,14778.74,2022-09-01,14853.0,-0.001480422518694946
955,1,14958.42,14809.58,2022-09-02,14884.0,0.0020849454369804787
954,1,14974.5,14825.5,2022-09-05,14900.0,0.0010744024670373247
953,1,14994.6,14845.4,2022-09-06,14920.0,0.0013413818242013111
952,1,14959.42,14810.58,2022-09-07,14885.0,-0.002348600307875059
951,1,15001.64,14852.36,2022-09-08,14927.0,0.002817659183362841
950,1,14979.52,14830.48,2022-09-09,14905.0,-0.0014749265210678676
949,1,14920.23,14771.77,2022-09-12,14846.0,-0.003966258434679583
948,1,14913.19,14764.81,2022-09-13,14839.0,-0.0004716186713658098
947,1,14935.31,14786.69,2022-09-14,14861.0,0.0014814817524428803
946,1,14997.61,14848.39,2022-09-15,14923.0,0.004163315172898528
945,1,14973.5,14824.5,2022-09-16,14899.0,-0.001609550344128802
944,1,15013.69,14864.31,2022-09-19,14939.0,0.002681146454978199
943,1,15054.9,14905.1,2022-09-20,14980.0,0.0027407350288932344
942,1,15049.88,14900.13,2022-09-21,14975.005,-0.00033350019779975566
941,1,15086.06,14935.94,2022-09-22,15011.0,0.0024007877867653618
940,1,15108.17,14957.83,2022-09-23,15033.0,0.001464518967658246
939,1,15110.17,14959.83,2022-09-26,15035.0,0.00013303179479500174
938,1,15194.59,15043.41,2022-09-27,15119.0,0.0055714145575717485
937,1,15230.77,15079.23,2022-09-28,15155.0,0.002378279511702452
936,1,15319.22,15166.78,2022-09-29,15243.0,0.005789870769938104
935,1,15323.24,15170.76,2022-09-30,15247.0,0.0002623811100655158
934,1,15308.16,15155.84,2022-10-03,15232.0,-0.0009842843407604602
933,1,15369.47,15216.53,2022-10-04,15293.0,0.003996729316976862
932,1,15352.38,15199.62,2022-10-05,15276.0,-0.0011122380027164835
931,1,15271.98,15120.02,2022-10-06,15196.0,-0.005250734037890663
930,1,15272.99,15121.01,2022-10-07,15197.0,6.580462608899186e-05
929,1,15322.23,15169.77,2022-10-10,15246.0,0.003219133614613988
928,1,15375.5,15222.5,2022-10-11,15299.0,0.00347029321915996
927,1,15438.81,15285.19,2022-10-12,15362.0,0.0041094607912483755
926,1,15449.86,15296.14,2022-10-13,15373.0,0.0007157963539721117
925,1,15433.78,15280.22,2022-10-14,15357.0,-0.0010413277869064925
924,1,15466.95,15313.05,2022-10-17,15390.0,0.0021465517072319913
923,1,15557.4,15402.6,2022-10-18,15480.0,0.005830920310793144
922,1,15546.34,15391.66,2022-10-19,15469.0,-0.0007108469070531696
921,1,15568.45,15413.55,2022-10-20,15491.0,0.0014211888696981252
920,1,15656.9,15501.1,2022-10-21,15579.0,0.005664643406065603
919,1,15688.05,15531.95,2022-10-24,15610.0,0.001987880997049153
918,1,15667.95,15512.05,2022-10-25,15590.0,-0.0012820514576555005
917,1,15694.08,15537.92,2022-10-26,15616.0,0.0016663466010515375
916,1,15673.98,15518.02,2022-10-27,15596.0,-0.0012815585503857345
915,1,15650.86,15495.14,2022-10-28,15573.0,-0.0014758256071492263
914,1,15619.71,15464.29,2022-10-31,15542.0,-0.00199260872615123
913,1,15673.98,15518.02,2022-11-01,15596.0,0.0034684343333003507
912,1,15725.24,15568.76,2022-11-02,15647.0,0.0032647341995692834
911,1,15730.26,15573.74,2022-11-03,15652.0,0.00031949902824580554
910,1,15759.41,15602.59,2022-11-04,15681.0,0.0018510840507284894
909,1,15814.68,15657.32,2022-11-07,15736.0,0.0035012926878635097
908,1,15770.46,15613.54,2022-11-08,15692.0,-0.002800052739451767
907,1,15762.42,15605.58,2022-11-09,15684.0,-0.0005099439172208978
906,1,15732.27,15575.73,2022-11-10,15654.0,-0.0019146090474387919
905,1,15779.5,15622.5,2022-11-11,15701.0,0.0029979292107382488
904,1,15570.47,15415.53,2022-11-14,15493.0,-0.01333609557922984
903,1,15576.5,15421.5,2022-11-15,15499.0,0.00038719670075901345
902,1,15641.82,15486.18,2022-11-16,15564.0,0.004185049407393495
901,1,15688.05,15531.95,2022-11-17,15610.0,0.00295117940503354
900,1,15765.43,15608.57,2022-11-18,15687.0,0.004920609346762503
899,1,15770.46,15613.54,2022-11-21,15692.0,0.0003186844732029365
898,1,15785.53,15628.47,2022-11-22,15707.0,0.0009554445135892178
897,1,15794.58,15637.42,2022-11-23,15716.0,0.0005728288353180006
896,1,15778.5,15621.5,2022-11-24,15700.0,-0.001018589341950954
895,1,15725.24,15568.76,2022-11-25,15647.0,-0.0033815070343421643
894,1,15746.34,15589.66,2022-11-28,15668.0,0.0013412104836647766
893,1,15807.65,15650.35,2022-11-29,15729.0,0.0038857264549205586
892,1,15815.68,15658.32,2022-11-30,15737.0,0.0005084853602218589
891,1,15820.71,15663.29,2022-12-01,15742.0,0.0003176721015309732
890,1,15695.08,15538.92,2022-12-02,15617.0,-0.007972235214549636
889,1,15506.15,15351.85,2022-12-05,15429.0,-0.012111209044819887
888,1,15486.05,15331.95,2022-12-06,15409.0,-0.0012971011611725097
887,1,15653.88,15498.12,2022-12-07,15576.0,0.010779513770182257
886,1,15697.09,15540.91,2022-12-08,15619.0,0.0027568538056867635
885,1,15702.12,15545.88,2022-12-09,15624.0,0.00032007169879244313
884,1,15664.93,15509.07,2022-12-12,15587.0,-0.0023709600674638263
883,1,15720.21,15563.79,2022-12-13,15642.0,0.0035223706725056947
882,1,15739.31,15582.69,2022-12-14,15661.0,0.0012139413048771741
881,1,15697.09,15540.91,2022-12-15,15619.0,-0.0026854236087114724
880,1,15708.15,15551.85,2022-12-16,15630.0,0.0007040225577999468
879,1,15695.08,15538.92,2022-12-19,15617.0,-0.0008320799276764763
878,1,15699.1,15542.9,2022-12-20,15621.0,0.0002560983431628432
877,1,15686.04,15529.96,2022-12-21,15608.0,-0.0008325595280616239
876,1,15679.0,15523.0,2022-12-22,15601.0,-0.00044858855569773786
875,1,15671.97,15516.03,2022-12-23,15594.0,-0.0004487898777041291
874,1,15683.02,15526.98,2022-12-26,15605.0,0.0007051508353346337
873,1,15714.18,15557.82,2022-12-27,15636.0,0.0019845722079655736
872,1,15737.3,15580.7,2022-12-28,15659.0,0.0014698836325975346
871,1,15781.51,15624.49,2022-12-29,15703.0,0.00280594533951088
870,1,15809.66,15652.34,2022-12-30,15731.0,0.001781510937551034
869,1,15669.96,15514.04,2023-01-02,15592.0,-0.008875325635108088
868,1,15649.86,15494.14,2023-01-03,15572.0,-0.0012835324570504409
867,1,15667.95,15512.05,2023-01-04,15590.0,0.0011552533214759205
866,1,15693.08,15536.92,2023-01-05,15615.0,0.0016023076653567283
865,1,15688.05,15531.95,2023-01-06,15610.0,-0.0003202562077011829
864,1,15713.17,15556.83,2023-01-09,15635.0,0.0016002563824639954
863,1,15651.87,15496.13,2023-01-10,15574.0,-0.003909133755010319
862,1,15666.94,15511.06,2023-01-11,15589.0,0.0009626801757495656
861,1,15604.64,15449.36,2023-01-12,15527.0,-0.003985093331511188
860,1,15442.83,15289.17,2023-01-13,15366.0,-0.01042316755358948
859,1,15252.89,15101.11,2023-01-16,15177.0,-0.012376152467534414
858,1,15094.09,14943.91,2023-01-17,15019.0,-0.01046505775446505
857,1,15229.77,15078.23,2023-01-18,15154.0,0.008948457285737847
856,1,15212.68,15061.32,2023-01-19,15137.0,-0.0011224457287534587
855,1,15188.57,15037.43,2023-01-20,15113.0,-0.001586777192444549
854,1,15196.6,15045.4,2023-01-24,15121.0,0.0005292055425484838
853,1,15004.65,14855.35,2023-01-25,14930.0,-0.012711894579433062
852,1,15032.79,14883.21,2023-01-26,14958.0,0.0018736622183767493
851,1,15038.82,14889.18,2023-01-27,14964.0,0.00040104271642398177
850,1,15052.89,14903.11,2023-01-30,14978.0,0.000935141341275545
849,1,15053.9,14904.1,2023-01-31,14979.0,6.676235940662677e-05
848,1,15066.96,14917.04,2023-02-01,14992.0,0.0008675053094844402
847,1,15065.95,14916.05,2023-02-02,14991.0,-6.670446588873435e-05
846,1,14942.34,14793.66,2023-02-03,14868.0,-0.00823876859517197
845,1,14972.49,14823.51,2023-02-06,14898.0,0.0020157233190787626
844,1,15130.27,14979.73,2023-02-07,15055.0,0.010483186179612504
843,1,15214.69,15063.31,2023-02-08,15139.0,0.005564033696044656
842,1,15197.61,15046.39,2023-02-09,15122.0,-0.0011235584936635423
841,1,15195.6,15044.4,2023-02-10,15120.0,-0.00013226638469122676
840,1,15215.7,15064.3,2023-02-13,15140.0,0.0013218772579158475
839,1,15292.08,15139.92,2023-02-14,15216.0,0.00500725779373175
838,1,15243.84,15092.16,2023-02-15,15168.0,-0.0031595602903684815
837,1,15269.97,15118.03,2023-02-16,15194.0,0.0017126675683637787
836,1,15251.88,15100.12,2023-02-17,15176.0,-0.0011853804483167379
835,1,15275.0,15123.0,2023-02-20,15199.0,0.0015144035816110335
834,1,15243.84,15092.16,2023-02-21,15168.0,-0.0020416907016581644
833,1,15254.9,15103.1,2023-02-22,15179.0,0.000724948132056088
832,1,15294.09,15141.91,2023-02-23,15218.0,0.0025660441096089404
831,1,15262.93,15111.07,2023-02-24,15187.0,-0.002039139006198052
830,1,15292.08,15139.92,2023-02-27,15216.0,0.0019077070549016186
829,1,15350.37,15197.63,2023-02-28,15274.0,0.003804530663157977
828,1,15316.2,15163.8,2023-03-01,15240.0,-0.0022284862076921903
827,1,15326.25,15173.75,2023-03-02,15250.0,0.0006559527949204875
826,1,15349.36,15196.64,2023-03-03,15273.0,0.0015070605348880685
825,1,15382.53,15229.47,2023-03-06,15306.0,0.0021583447994207665
824,1,15377.5,15224.5,2023-03-07,15301.0,-0.00032672264805293255
823,1,15435.8,15282.2,2023-03-08,15359.0,0.0037834356938148445
822,1,15528.25,15373.75,2023-03-09,15451.0,0.005972104734789912
821,1,15515.19,15360.81,2023-03-10,15438.0,-0.0008417236406189877
820,1,15545.34,15390.66,2023-03-13,15468.0,0.0019413712173885446
819,1,15450.87,15297.13,2023-03-14,15374.0,-0.006095602818110412
818,1,15456.9,15303.1,2023-03-15,15380.0,0.00039019315055756554
817,1,15441.83,15288.17,2023-03-16,15365.0,-0.0009757684950498939
816,1,15495.09,15340.91,2023-03-17,15418.0,0.003443462454622367
815,1,15440.82,15287.18,2023-03-20,15364.0,-0.003508547553412071
814,1,15448.86,15295.14,2023-03-21,15372.0,0.0005205622189390558
813,1,15425.75,15272.25,2023-03-24,15349.0,-0.0014973473713265207
812,1,15264.94,15113.06,2023-03-27,15189.0,-0.010478843675389234
811,1,15249.87,15098.13,2023-03-28,15174.0,-0.0009880447399987255
810,1,15163.44,15012.56,2023-03-29,15088.0,-0.005683711024781448
809,1,15169.47,15018.53,2023-03-30,15094.0,0.0003975879715749515
808,1,15137.31,14986.69,2023-03-31,15062.0,-0.00212229818351674
807,1,15051.89,14902.11,2023-04-03,14977.0,-0.005659324668901467
806,1,15064.95,14915.05,2023-04-04,14990.0,0.0008676211042478466
805,1,14987.57,14838.43,2023-04-05,14913.0,-0.0051499963338611015
804,1,15007.67,14858.33,2023-04-06,14933.0,0.0013402132944863893
803,1,15017.72,14868.28,2023-04-10,14943.0,0.0006694336841244692
802,1,14979.52,14830.48,2023-04-11,14905.0,-0.0025462356292212684
801,1,14962.44,14813.56,2023-04-12,14888.0,-0.001141207790085128
800,1,14940.33,14791.67,2023-04-13,14866.0,-0.001478793036847869
799,1,14865.96,14718.04,2023-04-14,14792.0,-0.00499023221827802
798,1,14739.33,14592.67,2023-04-17,14666.0,-0.008554604413215962
797,1,14846.86,14699.14,2023-04-18,14773.0,0.007269300667863371
796,1,14929.27,14780.73,2023-04-26,14855.0,0.0055353185750998835
795,1,14956.41,14807.59,2023-04-27,14882.0,0.0018159200604985653
794,1,14824.75,14677.25,2023-04-28,14751.0,-0.008841551877157497
793,1,14734.31,14587.69,2023-05-02,14661.0,-0.006119970141784557
792,1,14776.51,14629.49,2023-05-03,14703.0,0.002860647639392745
791,1,14779.53,14632.47,2023-05-04,14706.0,0.0002040191785103631
790,1,14705.16,14558.84,2023-05-05,14632.0,-0.005044662685465929
789,1,14747.37,14600.63,2023-05-08,14674.0,0.002866309203237839
788,1,14782.55,14635.45,2023-05-09,14709.0,0.0023823310454033956
787,1,14830.78,14683.22,2023-05-10,14757.0,0.003257995144106593
786,1,14819.73,14672.27,2023-05-11,14746.0,-0.0007456869138536453
785,1,14795.61,14648.39,2023-05-12,14722.0,-0.0016288859309446728
784,1,14825.76,14678.24,2023-05-15,14752.0,0.002035693177723729
783,1,14886.06,14737.94,2023-05-16,14812.0,0.004058996237128168
782,1,14884.05,14735.95,2023-05-17,14810.0,-0.0001350347716588562
781,1,14949.38,14800.63,2023-05-19,14875.005,0.004379659286383238
780,1,15010.68,14861.32,2023-05-22,14936.0,0.0040921186733308456
779,1,14971.49,14822.51,2023-05-23,14897.0,-0.0026145558419655977
778,1,14952.39,14803.61,2023-05-24,14878.0,-0.001276238628306229
777,1,14979.52,14830.48,2023-05-25,14905.0,0.0018131153608850756
776,1,15026.76,14877.24,2023-05-26,14952.0,0.003148343023226962
775,1,15033.8,14884.2,2023-05-29,14959.0,0.00046805523906213526
774,1,15047.86,14898.14,2023-05-30,14973.0,0.0009354537632579922
773,1,15043.84,14894.16,2023-05-31,14969.0,-0.00026718322248318107
772,1,15078.01,14927.99,2023-06-05,15003.0,0.002268785171777582
771,1,14962.44,14813.56,2023-06-06,14888.0,-0.007694661764926725
770,1,14913.19,14764.81,2023-06-07,14839.0,-0.0032966693159602522
769,1,14949.38,14800.63,2023-06-08,14875.005,0.002423437542101267
768,1,14977.51,14828.49,2023-06-09,14903.0,0.001880247400564979
767,1,14927.26,14778.74,2023-06-12,14853.0,-0.003360669919260056
766,1,14948.37,14799.63,2023-06-13,14874.0,0.0014128572337128327
765,1,14942.34,14793.66,2023-06-14,14868.0,-0.00040346984610275166
764,1,14969.48,14820.52,2023-06-15,14895.0,0.0018143337302398642
763,1,15017.72,14868.28,2023-06-16,14943.0,0.003217376594010378
762,1,15019.73,14870.27,2023-06-19,14945.0,0.00013383297664516233
761,1,15068.97,14919.03,2023-06-20,14994.0,0.0032733253449691085
760,1,15115.2,14964.8,2023-06-21,15040.0,0.003063197440823456
759,1,15056.91,14907.09,2023-06-22,14982.0,-0.0038638379960025653
758,1,14992.59,14843.41,2023-06-23,14918.0,-0.004280942992719688
757,1,15072.99,14923.01,2023-06-26,14998.0,0.0053483213462260345
756,1,15101.13,14950.87,2023-06-27,15026.0,0.0018651750677712458
755,1,15075.0,14925.0,2023-07-03,15000.0,-0.001731832844758771
754,1,15109.17,14958.83,2023-07-04,15034.0,0.002264101653067047
753,1,15093.09,14942.91,2023-07-05,15018.0,-0.0010648210775849544
752,1,15088.07,14937.93,2023-07-06,15013.0,-0.00033298924752425956
751,1,15137.31,14986.69,2023-07-07,15062.0,0.0032585232489921894
750,1,15211.68,15060.32,2023-07-10,15136.0,0.0049009966303624145
749,1,15267.96,15116.04,2023-07-11,15192.0,0.0036929612004622785
748,1,15237.81,15086.19,2023-07-12,15162.0,-0.001976675875872536
747,1,15159.42,15008.58,2023-07-13,15084.0,-0.005157718238001508
746,1,15052.89,14903.11,2023-07-14,14978.0,-0.007052121568935353
745,1,15019.73,14870.27,2023-07-17,14945.0,-0.002205662091274205
744,1,15082.03,14931.97,2023-07-18,15007.0,0.004139963177951446
743,1,15068.97,14919.03,2023-07-20,14994.0,-0.0008666378329822307
742,1,15065.95,14916.05,2023-07-21,14991.0,-0.00020010005069264774
741,1,15101.13,14950.87,2023-07-24,15026.0,0.002332012916791139
740,1,15103.14,14952.86,2023-07-25,15028.0,0.00013309376475357078
739,1,15082.03,14931.97,2023-07-26,15007.0,-0.001398368797869963
738,1,15107.16,14956.84,2023-07-27,15032.0,0.0016645031973116483
737,1,15078.01,14927.99,2023-07-28,15003.0,-0.0019310810062878054
736,1,15158.42,15007.58,2023-07-31,15083.0,0.005318100681238921
735,1,15167.46,15016.54,2023-08-01,15092.0,0.0005965203159488625
734,1,15192.58,15041.42,2023-08-02,15117.0,0.0016551362645068008
733,1,15246.85,15095.15,2023-08-03,15171.0,0.0035657723993849522
732,1,15273.99,15122.01,2023-08-04,15198.0,0.0017781294816374938
731,1,15243.84,15092.16,2023-08-07,15168.0,-0.001975894734927138
730,1,15253.89,15102.11,2023-08-08,15178.0,0.0006590654690550659
729,1,15305.15,15152.85,2023-08-09,15229.0,0.003354493887832866
728,1,15282.03,15129.97,2023-08-10,15206.0,-0.0015114180633089677
727,1,15280.02,15127.98,2023-08-11,15204.0,-0.00013153567924254026
726,1,15301.13,15148.88,2023-08-14,15225.005,0.00138059087612933
725,1,15399.61,15246.39,2023-08-15,15323.0,0.006415825592907387
724,1,15422.73,15269.27,2023-08-16,15346.0,0.0014998861594343025
723,1,15384.54,15231.46,2023-08-18,15308.0,-0.0024792861920176334
722,1,15384.54,15231.46,2023-08-21,15308.0,0.0
721,1,15405.65,15252.35,2023-08-22,15329.0,0.0013708916205146028
720,1,15402.63,15249.37,2023-08-23,15326.0,-0.0001957266357577332
719,1,15395.59,15242.41,2023-08-24,15319.0,-0.000456844517653492
718,1,15329.26,15176.74,2023-08-25,15253.0,-0.004317683012762993
717,1,15373.49,15220.51,2023-08-28,15297.0,0.00288052572333235
716,1,15370.47,15217.53,2023-08-29,15294.0,-0.00019613611909502894
715,1,15339.32,15186.68,2023-08-30,15263.0,-0.0020289956890484806
714,1,15315.19,15162.81,2023-08-31,15239.0,-0.0015736676252612134
713,1,15313.18,15160.82,2023-09-01,15237.0,-0.00013125082050605833
712,1,15328.26,15175.74,2023-09-04,15252.0,0.0009839615080995845
711,1,15323.24,15170.76,2023-09-05,15247.0,-0.0003278796055473489
710,1,15336.3,15183.7,2023-09-06,15260.0,0.0008522634665409896
709,1,15383.53,15230.47,2023-09-07,15307.0,0.0030752142532591968
708,1,15410.67,15257.33,2023-09-08,15334.0,0.0017623450271325525
707,1,15417.7,15264.3,2023-09-11,15341.0,0.0004563977259337001
706,1,15428.76,15275.24,2023-09-12,15352.0,0.0007167758427623454
705,1,15420.72,15267.28,2023-09-13,15344.0,-0.000521240564316364
704,1,15443.83,15290.17,2023-09-14,15367.0,0.001497834932112922
703,1,15433.78,15280.22,2023-09-15,15357.0,-0.0006509569296394343
702,1,15443.83,15290.17,2023-09-18,15367.0,0.000650956929639474
701,1,15449.86,15296.14,2023-09-19,15373.0,0.00039037085726704583
700,1,15457.91,15304.09,2023-09-20,15381.0,0.0005202575392107477
699,1,15472.98,15319.02,2023-09-21,15396.0,0.0009747539518263854
698,1,15473.99,15320.01,2023-09-22,15397.0,6.494982628213698e-05
697,1,15459.92,15306.08,2023-09-25,15383.0,-0.000909681674167693
696,1,15476.0,15322.0,2023-09-26,15399.0,0.0010395686726617013
695,1,15541.32,15386.68,2023-09-27,15464.0,0.0042121696597539554
694,1,15603.63,15448.37,2023-09-29,15526.0,0.004001296077458718
693,1,15564.43,15409.57,2023-10-02,15487.0,-0.0025150756494512357
692,1,15596.59,15441.41,2023-10-03,15519.0,0.002064117355450365
691,1,15678.0,15522.0,2023-10-04,15600.0,0.005205834566003739
690,1,15714.18,15557.82,2023-10-05,15636.0,0.00230503367521705
689,1,15679.0,15523.0,2023-10-06,15601.0,-0.0022409331655959784
688,1,15706.14,15549.86,2023-10-09,15628.0,0.0017291624277117738
687,1,15753.38,15596.63,2023-10-10,15675.005,0.0030032283053756785
686,1,15786.54,15629.46,2023-10-11,15708.0,0.0021027312175634126
685,1,15788.55,15631.45,2023-10-12,15710.0,0.00012731555176658077
684,1,15780.51,15623.49,2023-10-13,15702.0,-0.0005093594914659935
683,1,15787.55,15630.45,2023-10-16,15709.0,0.0004457037417389465
682,1,15794.58,15637.42,2023-10-17,15716.0,0.0004455051784106034
681,1,15796.59,15639.41,2023-10-18,15718.0,0.0001272507477697701
680,1,15809.66,15652.34,2023-10-19,15731.0,0.0008267353963844539
679,1,15917.19,15758.81,2023-10-20,15838.0,0.006778827947852897
678,1,15935.28,15776.72,2023-10-23,15856.0,0.001135861799411539
677,1,16022.72,15863.28,2023-10-24,15943.0,0.005471883837596114
676,1,15948.34,15789.66,2023-10-25,15869.0,-0.004652340844522997
675,1,15950.35,15791.65,2023-10-26,15871.0,0.00012602394471627297
674,1,16012.67,15853.33,2023-10-27,15933.0,0.0038988855829503438
673,1,16020.7,15861.3,2023-10-30,15941.0,0.0005019765431377597
672,1,15995.58,15836.42,2023-10-31,15916.0,-0.0015695140868273443
671,1,15976.49,15817.51,2023-11-01,15897.0,-0.0011944803859475115
670,1,16025.73,15866.27,2023-11-02,15946.0,0.0030776019015689047
669,1,15940.31,15781.69,2023-11-03,15861.0,-0.005344748158880816
668,1,15849.85,15692.15,2023-11-06,15771.0,-0.00569045541600216
667,1,15627.75,15472.25,2023-11-07,15550.0,-0.014112171880177578
666,1,15670.97,15515.03,2023-11-08,15593.0,0.0027614569775051743
665,1,15707.15,15550.85,2023-11-09,15629.0,0.0023060672573082066
664,1,15727.25,15570.75,2023-11-10,15649.0,0.0012788543209783657
663,1,15771.47,15614.53,2023-11-13,15693.0,0.002807735875548718
662,1,15791.57,15634.43,2023-11-14,15713.0,0.00127364215141106
661,1,15777.5,15620.5,2023-11-15,15699.0,-0.0008913791498142606
660,1,15580.51,15425.49,2023-11-16,15503.0,-0.012563462473955376
659,1,15672.98,15517.02,2023-11-17,15595.0,0.005916796475541492
658,1,15581.52,15426.48,2023-11-20,15504.0,-0.005852294911356159
657,1,15496.09,15341.91,2023-11-21,15419.0,-0.005497539959194831
656,1,15513.18,15358.82,2023-11-22,15436.0,0.0011019284861567347
655,1,15661.92,15506.08,2023-11-23,15584.0,0.009542303224807038
654,1,15670.97,15515.03,2023-11-24,15593.0,0.0005773487025690589
653,1,15664.93,15509.07,2023-11-27,15587.0,-0.0003848620958344481
652,1,15604.64,15449.36,2023-11-28,15527.0,-0.003856789507881238
651,1,15527.25,15372.75,2023-11-29,15450.0,-0.0049714406552782385
650,1,15460.92,15307.08,2023-11-30,15384.0,-0.004280995057275833
649,1,15561.42,15406.58,2023-12-01,15484.0,0.006479224428923141
648,1,15601.62,15446.38,2023-12-04,15524.0,0.00257998079125826
647,1,15523.23,15368.77,2023-12-05,15446.0,-0.005037143359587771
646,1,15581.52,15426.48,2023-12-06,15504.0,0.0037479850013383653
645,1,15581.52,15426.48,2023-12-07,15504.0,0.0
644,1,15613.68,15458.32,2023-12-08,15536.0,0.002061856400558777
643,1,15577.5,15422.5,2023-12-11,15500.0,-0.002319887623768201
642,1,15692.07,15535.93,2023-12-12,15614.0,0.007327923772898189
641,1,15709.16,15552.84,2023-12-13,15631.0,0.0010881742152349986
640,1,15707.15,15550.85,2023-12-14,15629.0,-0.00012795905327760043
639,1,15570.47,15415.53,2023-12-15,15493.0,-0.008739853845901749
638,1,15580.51,15425.49,2023-12-18,15503.0,0.0006452445700703242
637,1,15593.58,15438.42,2023-12-19,15516.0,0.0008381959934956404
636,1,15583.53,15428.47,2023-12-20,15506.0,-0.0006447037809534372
635,1,15589.56,15434.44,2023-12-21,15512.0,0.00038687214358348995
634,1,15610.67,15455.33,2023-12-22,15533.0,0.0013528750654195104
633,1,15566.44,15411.56,2023-12-27,15489.0,-0.00283669844014846
632,1,15491.07,15336.93,2023-12-28,15414.0,-0.004853907209820268
631,1,15493.08,15338.92,2023-12-29,15416.0,0.0001297437562638226
630,1,15516.19,15361.81,2024-01-02,15439.0,0.0014908445477242525
629,1,15550.36,15395.64,2024-01-03,15473.0,0.0021997938477461075
628,1,15572.48,15417.52,2024-01-04,15495.0,0.001420821732175905
627,1,15602.63,15447.38,2024-01-05,15525.005,0.001934558640970652
626,1,15595.59,15440.41,2024-01-08,15518.0,-0.0004513094089246256
625,1,15599.61,15444.39,2024-01-09,15522.0,0.00025773196018961985
624,1,15595.59,15440.41,2024-01-10,15518.0,-0.00025773196018951235
623,1,15645.84,15490.16,2024-01-11,15568.0,0.003216884971891625
622,1,15635.79,15480.21,2024-01-12,15558.0,-0.0006425496590668942
621,1,15636.8,15481.2,2024-01-15,15559.0,6.427354824328738e-05
620,1,15632.77,15477.23,2024-01-16,15555.0,-0.00025711898322532
619,1,15669.96,15514.04,2024-01-17,15592.0,0.0023758318556593105
618,1,15717.19,15560.81,2024-01-18,15639.0,0.003009832248818878
617,1,15708.15,15551.85,2024-01-19,15630.0,-0.0005756500206933352
616,1,15706.14,15549.86,2024-01-22,15628.0,-0.00012796724056111534
615,1,15705.14,15548.86,2024-01-23,15627.0,-6.39897616600226e-05
614,1,15734.28,15577.72,2024-01-24,15656.0,0.0018540426626108245
613,1,15797.59,15640.41,2024-01-25,15719.0,0.004015941652325862
612,1,15845.83,15688.17,2024-01-26,15767.0,0.003048976509243795
611,1,15908.15,15749.85,2024-01-29,15829.0,0.003924552448256694
610,1,15904.13,15745.88,2024-01-30,15825.005,-0.00025241671764518405
609,1,15874.98,15717.02,2024-01-31,15796.0,-0.0018345405615531542
608,1,15882.01,15723.99,2024-02-01,15803.0,0.0004430520025638121
607,1,15853.88,15696.13,2024-02-02,15775.005,-0.0017730700425293796
606,1,15766.44,15609.56,2024-02-05,15688.0,-0.005530636490392229
605,1,15783.52,15626.48,2024-02-06,15705.0,0.0010830440965646933
604,1,15812.67,15655.33,2024-02-07,15734.0,0.0018448429164408752
603,1,15763.42,15606.58,2024-02-12,15685.0,-0.0031191342644092943
602,1,15690.06,15533.94,2024-02-13,15612.0,-0.004664992324272916
601,1,15662.92,15507.08,2024-02-15,15585.0,-0.0017309360990681475
600,1,15684.03,15527.97,2024-02-16,15606.0,0.001346542475269147
599,1,15732.27,15575.73,2024-02-19,15654.0,0.0030710196880768125
598,1,15708.15,15551.85,2024-02-20,15630.0,-0.0015343309492610842
597,1,15737.3,15580.7,2024-02-21,15659.0,0.0018536871299206044
596,1,15736.29,15579.71,2024-02-22,15658.0,-6.386307758344844e-05
595,1,15708.15,15551.85,2024-02-23,15630.0,-0.001789824052337159
594,1,15666.94,15511.06,2024-02-26,15589.0,-0.0026266071028413925
593,1,15713.17,15556.83,2024-02-27,15635.0,0.00294645357926077
592,1,15733.27,15576.73,2024-02-28,15655.0,0.0012783638685645133
591,1,15751.36,15594.64,2024-02-29,15673.0,0.001149131893562169
590,1,15793.58,15636.42,2024-03-01,15715.0,0.0026761835775998225
589,1,15774.48,15617.52,2024-03-04,15696.0,-0.0012097674265236402
588,1,15801.61,15644.39,2024-03-05,15723.0,0.0017187056651316857
587,1,15834.78,15677.22,2024-03-06,15756.0,0.0020966366205205905
586,1,15801.61,15644.39,2024-03-07,15723.0,-0.0020966366205205688
585,1,15736.29,15579.71,2024-03-08,15658.0,-0.004142640002416465
584,1,15681.01,15524.99,2024-03-13,15603.0,-0.003518765026677345
583,1,15653.88,15498.12,2024-03-14,15576.0,-0.0017319353891465444
582,1,15659.91,15504.09,2024-03-15,15582.0,0.00038513383876772895
581,1,15702.12,15545.88,2024-03-18,15624.0,0.002691791665711353
580,1,15750.36,15593.64,2024-03-19,15672.0,0.0030674870678618796
579,1,15790.56,15633.44,2024-03-20,15712.0,0.0025490709698704943
578,1,15805.64,15648.36,2024-03-21,15727.0,0.0009542288964782148
577,1,15740.31,15583.69,2024-03-22,15662.0,-0.004141584179842504
576,1,15851.86,15694.14,2024-03-25,15773.0,0.007062221176591024
575,1,15873.98,15716.02,2024-03-26,15795.0,0.0013938167487116287
574,1,15875.99,15718.01,2024-03-27,15797.0,0.00012661433291157308
573,1,15932.26,15773.74,2024-03-28,15853.0,0.003538708274130549
572,1,15952.36,15793.64,2024-04-01,15873.0,0.0012607957290137303
571,1,15988.55,15829.45,2024-04-02,15909.0,0.0022654342329981674
570,1,16013.67,15854.33,2024-04-03,15934.0,0.0015702041350717576
569,1,16002.61,15843.39,2024-04-04,15923.0,-0.0006905860838852577
568,1,15986.53,15827.47,2024-04-05,15907.0,-0.001005340958065593
567,1,15952.36,15793.64,2024-04-16,15873.0,-0.0021397113261190865
566,1,16256.88,16095.12,2024-04-17,16176.0,0.01890910968801131
565,1,16321.2,16158.8,2024-04-18,16240.0,0.00394867245541628
564,1,16257.89,16096.11,2024-04-19,16177.0,-0.0038868543859749065
563,1,16361.4,16198.6,2024-04-22,16280.0,0.006346880226837295
562,1,16305.12,16142.88,2024-04-23,16224.0,-0.003445733165621576
561,1,16325.22,16162.78,2024-04-24,16244.0,0.0012319824152786769
560,1,16241.81,16080.19,2024-04-25,16161.0,-0.005122677457544965
559,1,16289.04,16126.96,2024-04-26,16208.0,0.0029040151398210742
558,1,16303.11,16140.89,2024-04-29,16222.0,0.0008633981418254249
557,1,16330.25,16167.75,2024-04-30,16249.0,0.0016630227724863005
556,1,16357.38,16194.62,2024-05-02,16276.0,0.0016602617188044096
555,1,16283.01,16120.99,2024-05-03,16202.0,-0.004556938731144073
554,1,16174.47,16013.53,2024-05-06,16094.0,-0.006688159684358412
553,1,16105.13,15944.88,2024-05-07,16025.005,-0.004296216904775613
552,1,16134.27,15973.73,2024-05-08,16054.0,0.0018077248902197073
551,1,16161.41,16000.59,2024-05-13,16081.0,0.0016804111625023867
550,1,16165.42,16004.58,2024-05-14,16085.0,0.00024870981910212766
549,1,16211.66,16050.34,2024-05-15,16131.0,0.002855725804661129
548,1,16150.35,15989.65,2024-05-16,16070.0,-0.0037887067462294504
547,1,16023.72,15864.28,2024-05-17,15944.0,-0.007871596838927658
546,1,16057.89,15898.11,2024-05-20,15978.0,0.002130193149356588
545,1,16059.9,15900.1,2024-05-21,15980.0,0.00012516427827843183
544,1,16104.12,15943.88,2024-05-22,16024.0,0.0027496580253884924
543,1,16074.98,15915.02,2024-05-27,15995.0,-0.0018114249620357493
542,1,16144.32,15983.68,2024-05-28,16064.0,0.004304570107837356
541,1,16175.48,16014.52,2024-05-29,16095.0,0.0019279212414527516
540,1,16240.8,16079.2,2024-05-30,16160.0,0.004030388342177809
539,1,16334.26,16171.74,2024-05-31,16253.0,0.0057384540280896405
538,1,16332.25,16169.75,2024-06-03,16251.0,-0.00012306177716740142
537,1,16306.13,16143.88,2024-06-04,16225.005,-0.0016008745873554338
536,1,16301.1,16138.9,2024-06-05,16220.0,-0.000308522069249125
535,1,16363.41,16200.59,2024-06-06,16282.0,0.003815154464519148
534,1,16360.4,16197.6,2024-06-07,16279.0,-0.00018426952541315036
533,1,16299.09,16136.91,2024-06-10,16218.0,-0.0037541971040072463
532,1,16371.45,16208.55,2024-06-11,16290.0,0.004429686091588258
531,1,16376.48,16213.52,2024-06-12,16295.0,0.0003068896755710468
530,1,16378.49,16215.51,2024-06-13,16297.0,0.00012272950432676025
529,1,16367.43,16204.57,2024-06-14,16286.0,-0.0006751987489121198
528,1,16455.87,16292.13,2024-06-19,16374.0,0.0053888679093169346
527,1,16449.84,16286.16,2024-06-20,16368.0,-0.00036650174498570223
526,1,16502.1,16337.9,2024-06-21,16420.0,0.0031718948150114934
525,1,16540.29,16375.71,2024-06-24,16458.0,0.002311577159239031
524,1,16513.15,16348.84,2024-06-25,16430.995000000003,-0.001642191016715597
523,1,16460.9,16297.1,2024-06-26,16379.0,-0.003169463666563128
522,1,16517.17,16352.83,2024-06-27,16435.0,0.0034131806159403335
521,1,16503.1,16338.9,2024-06-28,16421.0,-0.0008522036064823842
520,1,16475.97,16312.03,2024-07-01,16394.0,-0.0016455892788613932
519,1,16436.78,16273.23,2024-07-02,16355.005,-0.002381447523632285
518,1,16465.92,16302.08,2024-07-03,16384.0,0.0017712821498907586
517,1,16468.94,16305.07,2024-07-04,16387.004999999997,0.00018339382685515556
516,1,16422.71,16259.3,2024-07-05,16341.005,-0.0028110496355258975
515,1,16393.56,16230.44,2024-07-08,16312.0,-0.0017765597762724736
514,1,16346.33,16183.67,2024-07-09,16265.0,-0.0028854733468392734
513,1,16362.41,16199.59,2024-07-10,16281.0,0.0009832238240626491
512,1,16337.28,16174.72,2024-07-11,16256.0,-0.0015367123533060706
511,1,16281.0,16119.0,2024-07-12,16200.0,-0.0034508291577329897
510,1,16234.77,16073.23,2024-07-15,16154.0,-0.0028435452182337733
509,1,16254.87,16093.13,2024-07-16,16174.0,0.0012373176535259284
508,1,16284.01,16121.99,2024-07-17,16203.0,0.0017913956052333822
507,1,16209.65,16048.35,2024-07-18,16129.0,-0.004577516343818247
506,1,16240.8,16079.2,2024-07-19,16160.0,0.0019201591579038964
505,1,16280.0,16118.0,2024-07-22,16199.0,0.0024104588450515867
504,1,16309.14,16146.86,2024-07-23,16228.0,0.0017886334061998584
503,1,16285.02,16122.98,2024-07-24,16204.0,-0.0014800200037566756
502,1,16305.12,16142.88,2024-07-25,16224.0,0.0012335020683285334
501,1,16349.34,16186.66,2024-07-26,16268.0,0.0027083606362054836
500,1,16375.47,16212.53,2024-07-29,16294.0,0.001596953843471852
499,1,16367.43,16204.57,2024-07-30,16286.0,-0.0004910988435104998
498,1,16401.6,16238.4,2024-07-31,16320.0,0.002085506491021361
497,1,16375.47,16212.53,2024-08-01,16294.0,-0.0015944076475109129
496,1,16324.22,16161.78,2024-08-02,16243.0,-0.0031348951511913116
495,1,16315.17,16152.83,2024-08-05,16234.0,-0.0005542383982747698
494,1,16234.77,16073.23,2024-08-06,16154.0,-0.004940111318879441
493,1,16263.92,16102.08,2024-08-07,16183.0,0.001793611514643857
492,1,16180.5,16019.5,2024-08-08,16100.0,-0.005142036544331075
491,1,16031.76,15872.24,2024-08-09,15952.0,-0.0092350587709348
490,1,15993.57,15834.43,2024-08-12,15914.0,-0.0023849882641394757
489,1,16042.82,15883.18,2024-08-13,15963.0,0.003074319326998896
488,1,15964.42,15805.58,2024-08-14,15885.0,-0.0048982765608624815
487,1,15769.45,15612.55,2024-08-15,15691.0,-0.012287968144548335
486,1,15765.43,15608.57,2024-08-16,15687.0,-0.0002549557028279496
485,1,15794.58,15637.42,2024-08-19,15716.0,0.0018469578221101874
484,1,15668.95,15513.05,2024-08-20,15591.0,-0.007985477001798821
483,1,15557.4,15402.6,2024-08-21,15480.0,-0.007144956532833424
482,1,15533.28,15378.72,2024-08-22,15456.0,-0.001551590691418833
481,1,15656.9,15501.1,2024-08-23,15579.0,0.00792657606012933
480,1,15631.77,15476.23,2024-08-26,15554.0,-0.0016060132575399838
479,1,15456.9,15303.1,2024-08-27,15380.0,-0.011249876195253696
478,1,15586.55,15431.45,2024-08-28,15509.0,0.008352536499817965
477,1,15553.38,15398.62,2024-08-29,15476.0,-0.0021300637390492595
476,1,15486.05,15331.95,2024-08-30,15409.0,-0.00433868253855021
475,1,15550.36,15395.64,2024-09-02,15473.0,0.0041448152078192215
474,1,15613.68,15458.32,2024-09-03,15536.0,0.004063342041433547
473,1,15634.78,15479.22,2024-09-04,15557.0,0.0013507865560152422
472,1,15567.45,15412.55,2024-09-05,15490.0,-0.004316043676207217
471,1,15487.05,15332.95,2024-09-06,15410.0,-0.0051780050967528265
470,1,15448.86,15295.14,2024-09-09,15372.0,-0.0024689766294268465
469,1,15523.23,15368.77,2024-09-10,15446.0,0.004802397444474593
468,1,15524.24,15369.76,2024-09-11,15447.0,6.473958504187663e-05
467,1,15492.08,15337.92,2024-09-12,15415.0,-0.0020737483940002728
466,1,15498.1,15343.9,2024-09-13,15421.0,0.0003891555374056737
465,1,15482.02,15327.98,2024-09-17,15405.0,-0.001038084826888148
464,1,15414.69,15261.31,2024-09-18,15338.0,-0.004358722705963712
463,1,15426.75,15273.25,2024-09-19,15350.0,0.0007820646905385841
462,1,15363.43,15210.57,2024-09-20,15287.0,-0.004112680014309054
461,1,15175.5,15024.5,2024-09-23,15100.0,-0.012308050198018408
460,1,15266.95,15115.05,2024-09-24,15191.0,0.006008403404647042
459,1,15261.93,15110.07,2024-09-25,15186.0,-0.0003291964344835637
458,1,15167.46,15016.54,2024-09-26,15092.0,-0.00620914868897802
457,1,15246.85,15095.15,2024-09-27,15171.0,0.0052209086638916975
456,1,15213.69,15062.31,2024-09-30,15138.0,-0.0021775718789799267
455,1,15219.72,15068.28,2024-10-01,15144.0,0.0003962750200461179
454,1,15280.02,15127.98,2024-10-02,15204.0,0.003954137219980694
453,1,15323.24,15170.76,2024-10-03,15247.0,0.0028242112627676883
452,1,15470.97,15317.03,2024-10-04,15394.0,0.009595060722355723
451,1,15572.48,15417.52,2024-10-07,15495.0,0.006539568127585828
450,1,15758.4,15601.6,2024-10-08,15680.0,0.01186862368255016
449,1,15749.35,15592.65,2024-10-09,15671.0,-0.0005741443811827803
448,1,15685.03,15528.97,2024-10-10,15607.0,-0.004092338980662456
447,1,15736.29,15579.71,2024-10-11,15658.0,0.0032624369253058624
446,1,15687.05,15530.95,2024-10-14,15609.0,-0.003134297509446242
445,1,15658.91,15503.09,2024-10-15,15581.0,-0.0017954477410585734
444,1,15632.77,15477.23,2024-10-16,15555.0,-0.0016700928856171857
443,1,15613.68,15458.32,2024-10-17,15536.0,-0.0012222188006312527
442,1,15593.58,15438.42,2024-10-18,15516.0,-0.0012881619712483943
441,1,15543.33,15388.67,2024-10-21,15466.0,-0.003227683390877023
440,1,15542.33,15387.67,2024-10-22,15465.0,-6.46600498107744e-05
439,1,15637.8,15482.2,2024-10-23,15560.0,0.006124112613212525
438,1,15698.1,15541.9,2024-10-24,15620.0,0.0038486256612944563
437,1,15670.97,15515.03,2024-10-25,15593.0,-0.001730048808791484
436,1,15707.15,15550.85,2024-10-28,15629.0,0.0023060672573082066
435,1,15807.65,15650.35,2024-10-29,15729.0,0.006377979398448932
434,1,15838.8,15681.2,2024-10-30,15760.0,0.0019689421712277416
433,1,15810.66,15653.34,2024-10-31,15732.0,-0.001778229860169922
432,1,15783.52,15626.48,2024-11-01,15705.0,-0.0017177215789531985
431,1,15801.61,15644.39,2024-11-04,15723.0,0.0011454754975289804
430,1,15829.75,15672.25,2024-11-05,15751.0,0.0017792468314595353
429,1,15844.83,15687.17,2024-11-06,15766.0,0.000951867318118107
428,1,15919.2,15760.8,2024-11-07,15840.0,0.004682663748563265
427,1,15845.83,15688.17,2024-11-08,15767.0,-0.004619238130935044
426,1,15749.35,15592.65,2024-11-11,15671.0,-0.006107277714265751
425,1,15755.39,15598.61,2024-11-12,15677.0,0.00038279954531510093
424,1,15849.85,15692.15,2024-11-13,15771.0,0.005978140419026661
423,1,15860.91,15703.09,2024-11-14,15782.0,0.0006972395934225623
422,1,15952.36,15793.64,2024-11-15,15873.0,0.00574950249126112
421,1,15967.44,15808.56,2024-11-18,15888.0,0.000944554712712409
420,1,15927.24,15768.76,2024-11-19,15848.0,-0.002520797906566932
419,1,15895.08,15736.92,2024-11-20,15816.0,-0.0020212235279340016
418,1,15937.29,15778.71,2024-11-21,15858.0,0.002652018981891414
417,1,16021.71,15862.29,2024-11-22,15942.0,0.005283031155524213
416,1,15990.56,15831.44,2024-11-25,15911.0,-0.0019464420800120346
415,1,15943.32,15784.68,2024-11-26,15864.0,-0.0029583027082246177
414,1,16009.65,15850.35,2024-11-28,15930.0,0.0041517327044623435
413,1,15943.32,15784.68,2024-11-29,15864.0,-0.004151732704462324
412,1,15935.28,15776.72,2024-12-02,15856.0,-0.000504413629862683
411,1,15984.52,15825.48,2024-12-03,15905.0,0.003085547613475328
410,1,16029.75,15870.25,2024-12-04,15950.0,0.0028253040297461975
409,1,16036.78,15877.22,2024-12-05,15957.0,0.00043877519743671804
408,1,15971.46,15812.54,2024-12-06,15892.0,-0.004081766475937725
407,1,15927.24,15768.76,2024-12-09,15848.0,-0.0027725285561027
406,1,15940.31,15781.69,2024-12-10,15861.0,0.0008199565251731171
405,1,15953.37,15794.63,2024-12-11,15874.0,0.0008192847472609586
404,1,15984.52,15825.48,2024-12-12,15905.0,0.001950974532423624
403,1,16018.69,15859.31,2024-12-13,15939.0,0.0021354109358083895
402,1,16066.93,15907.07,2024-12-16,15987.0,0.0030069558458389253
401,1,16099.09,15938.91,2024-12-17,16019.0,0.001999625736591629
400,1,16130.25,15969.75,2024-12-18,16050.0,0.001933331856678364
399,1,16180.5,16019.5,2024-12-19,16100.0,0.00311042241439233
398,1,16358.39,16195.61,2024-12-20,16277.0,0.010933796418943749
397,1,16351.35,16188.65,2024-12-23,16270.0,-0.0004301471784147289
396,1,16239.8,16078.2,2024-12-24,16159.0,-0.00684575124083564
395,1,16289.04,16126.96,2024-12-27,16208.0,0.003027777516216672
394,1,16332.25,16169.75,2024-12-30,16251.0,0.002649497837543979
393,1,16242.81,16081.19,2024-12-31,16162.0,-0.005491637532615602
392,1,16237.78,16076.22,2025-01-02,16157.0,-0.0003094155165624025
391,1,16317.18,16154.82,2025-01-03,16236.0,0.004877606681957852
390,1,16298.08,16135.92,2025-01-06,16217.0,-0.001170924239413968
389,1,16273.97,16112.03,2025-01-07,16193.0,-0.0014810246459035596
388,1,16249.84,16088.16,2025-01-08,16169.0,-0.0014832213336562262
387,1,16282.0,16120.0,2025-01-09,16201.0,0.001977139970603567
386,1,16319.19,16156.81,2025-01-10,16238.0,0.00228120571197361
385,1,16274.97,16113.03,2025-01-13,16194.0,-0.0027133711763321073
384,1,16362.41,16199.59,2025-01-14,16281.0,0.005357980485454952
383,1,16346.33,16183.67,2025-01-15,16265.0,-0.0009832238240626819
382,1,16392.56,16229.44,2025-01-16,16311.0,0.0028241669065784177
381,1,16459.89,16296.11,2025-01-17,16378.0,0.004099244016103129
380,1,16454.87,16291.14,2025-01-20,16373.005,-0.0003050288098779992
379,1,16453.86,16290.14,2025-01-21,16372.0,-6.138340796195601e-05
378,1,16412.65,16249.34,2025-01-22,16330.995,-0.0025077227017841672
377,1,16408.63,16245.36,2025-01-23,16326.995,-0.0002449630255874642
376,1,16357.38,16194.62,2025-01-24,16276.0,-0.0031282427633414762
375,1,16281.0,16119.0,2025-01-30,16200.0,-0.004680387901105104
374,1,16340.3,16177.7,2025-01-31,16259.0,0.0036353593750797267
373,1,16393.56,16230.44,2025-02-03,16312.0,0.003254431658736003
372,1,16535.26,16370.74,2025-02-04,16453.0,0.008606798132359088
371,1,16446.83,16283.17,2025-02-05,16365.0,-0.005362923451369244
370,1,16389.54,16226.46,2025-02-06,16308.0,-0.00348912299613685
369,1,16411.65,16248.35,2025-02-07,16330.0,0.0013481220253667935
368,1,16406.63,16243.38,2025-02-10,16325.005000000001,-0.00030592554121217303
367,1,16431.75,16268.25,2025-02-11,16350.0,0.0015299159021009076
366,1,16461.9,16298.1,2025-02-12,16380.0,0.0018331810816609117
365,1,16445.82,16282.18,2025-02-13,16364.0,-0.0009772783577712298
364,1,16446.83,16283.17,2025-02-14,16365.0,6.110788599178674e-05
363,1,16366.42,16203.58,2025-02-17,16285.0,-0.00490046922494706
362,1,16289.04,16126.96,2025-02-18,16208.0,-0.004739491221869199
361,1,16356.38,16193.63,2025-02-19,16275.005,0.004125547807920276
360,1,16438.78,16275.22,2025-02-20,16357.0,0.005025444962140805
359,1,16425.72,16262.28,2025-02-21,16344.0,-0.0007950827610676679
358,1,16381.5,16218.5,2025-02-24,16300.0,-0.0026957497026042308
357,1,16384.51,16221.49,2025-02-25,16303.0,0.0001840321448006641
356,1,16397.58,16234.42,2025-02-26,16316.0,0.0007970814977947373
355,1,16468.94,16305.07,2025-02-27,16387.004999999997,0.004342421228640388
354,1,16513.15,16348.84,2025-02-28,16430.995000000003,0.002680847482853293
353,1,16657.88,16492.13,2025-03-03,16575.005,0.008726347564200376
352,1,16588.53,16423.47,2025-03-04,16506.0,-0.0041718865605135
351,1,16525.22,16360.78,2025-03-05,16443.0,-0.0038240964384033942
350,1,16452.85,16289.15,2025-03-06,16371.0,-0.004388377859884419
349,1,16396.58,16233.42,2025-03-07,16315.0,-0.0034265468269206157
348,1,16417.68,16254.32,2025-03-10,16336.0,0.001286331377025891
347,1,16407.63,16244.37,2025-03-11,16326.0,-0.000612332393145477
346,1,16512.15,16347.85,2025-03-12,16430.0,0.006350003020012573
345,1,16535.26,16370.74,2025-03-13,16453.0,0.001398899355336264
344,1,16510.14,16345.86,2025-03-14,16428.0,-0.0015206353102009216
343,1,16473.96,16310.04,2025-03-17,16392.0,-0.0021937851577135507
342,1,16460.9,16297.1,2025-03-18,16379.0,-0.000793384436356109
341,1,16514.16,16349.84,2025-03-19,16432.0,0.0032306266859598973
340,1,16610.64,16445.36,2025-03-20,16528.0,0.0058252591910802455
339,1,16563.4,16398.6,2025-03-21,16481.0,-0.0028477101252397507
338,1,16583.51,16418.49,2025-03-24,16501.0,0.0012127828786248798
337,1,16643.81,16478.19,2025-03-25,16561.0,0.0036295484766859965
336,1,16705.11,16538.89,2025-03-26,16622.0,0.003676585523480647
335,1,16670.94,16505.06,2025-03-27,16588.0,-0.002047576746699729
334,1,16648.83,16483.17,2025-04-08,16566.0,-0.0013271402080624634
333,1,16933.24,16764.76,2025-04-09,16849.0,0.01693890568017581
332,1,17027.72,16858.28,2025-04-10,16943.0,0.005563461319720968
331,1,16862.9,16695.1,2025-04-11,16779.0,-0.009726664668408635
330,1,16889.03,16720.97,2025-04-14,16805.0,0.001548356669508316
329,1,16856.87,16689.13,2025-04-15,16773.0,-0.001906010464451038
328,1,16899.08,16730.92,2025-04-16,16815.0,0.002500894479615035
327,1,16929.22,16760.78,2025-04-17,16845.0,0.0017825316662833468
326,1,16917.17,16748.83,2025-04-21,16833.0,-0.0007126314215715973
325,1,16892.04,16723.96,2025-04-22,16808.0,-0.0014862818942453567
324,1,16946.31,16777.69,2025-04-23,16862.0,0.003207605957784538
323,1,16964.4,16795.6,2025-04-24,16880.0,0.0010669196673270544
322,1,16968.42,16799.58,2025-04-25,16884.0,0.00023693875244117758
321,1,16913.15,16744.85,2025-04-28,16829.0,-0.003262839189316059
320,1,16946.31,16777.69,2025-04-29,16862.0,0.0019589807695475753
319,1,16870.94,16703.06,2025-04-30,16787.0,-0.004457792160207025
318,1,16762.4,16595.6,2025-05-02,16679.0,-0.006454334245240866
317,1,16575.47,16410.53,2025-05-05,16493.0,-0.011214394629020902
316,1,16503.1,16338.9,2025-05-06,16421.0,-0.004375044956314852
315,1,16554.36,16389.64,2025-05-07,16472.0,0.0031009662157879124
314,1,16615.67,16450.33,2025-05-08,16533.0,0.0036964138437196236
313,1,16579.49,16414.51,2025-05-09,16497.0,-0.002179837375420614
312,1,16614.66,16449.34,2025-05-14,16532.0,0.00211935045569861
311,1,16650.84,16485.16,2025-05-15,16568.0,0.0021752274437971952
310,1,16617.67,16452.33,2025-05-16,16535.0,-0.001993777659526924
309,1,16506.12,16341.88,2025-05-19,16424.0,-0.006735666717123655
308,1,16537.28,16372.73,2025-05-20,16455.004999999997,0.0018860065376339415
307,1,16488.03,16323.97,2025-05-21,16406.0,-0.002982564673708177
306,1,16495.06,16330.93,2025-05-22,16412.995000000003,0.00042627753262565156
305,1,16394.56,16231.43,2025-05-23,16312.995,-0.006111369663080335
304,1,16370.44,16207.56,2025-05-26,16289.0,-0.0014719960746354325
303,1,16288.03,16125.97,2025-05-27,16207.0,-0.005046785699485427
302,1,16336.27,16173.73,2025-05-28,16255.0,0.0029573060798861574
301,1,16381.5,16218.5,2025-06-02,16300.0,0.0027645540568479797
300,1,16378.49,16215.51,2025-06-03,16297.0,-0.00018406601886488533
299,1,16369.44,16206.56,2025-06-04,16288.0,-0.0005524014257395201
298,1,16386.53,16223.48,2025-06-05,16305.005,0.0010434755275237151
297,1,16358.39,16195.61,2025-06-10,16277.0,-0.0017190474862747147
296,1,16357.38,16194.62,2025-06-11,16276.0,-6.14382699176446e-05
295,1,16346.33,16183.67,2025-06-12,16265.0,-0.0006760702141286925
294,1,16318.18,16155.82,2025-06-13,16237.0,-0.0017229713203374642
293,1,16374.47,16211.53,2025-06-16,16293.0,0.0034429791158406375
292,1,16377.48,16214.52,2025-06-17,16296.0,0.00018411120368684114
291,1,16362.41,16199.59,2025-06-18,16281.0,-0.000920895175127227
290,1,16400.6,16237.41,2025-06-19,16319.005,0.0023315957906962195
289,1,16459.89,16296.11,2025-06-20,16378.0,0.0036085913079230043
288,1,16480.99,16317.0,2025-06-23,16398.995000000003,0.0012810816166257686
287,1,16566.42,16401.58,2025-06-24,16484.0,0.005170161011948703
286,1,16451.85,16288.15,2025-06-25,16370.0,-0.00693982209352733
285,1,16373.46,16210.54,2025-06-26,16292.0,-0.004776201596877402
284,1,16314.17,16151.83,2025-06-30,16233.0,-0.0036279824574581955
283,1,16312.16,16149.84,2025-07-01,16231.0,-0.00012321340577437143
282,1,16272.96,16111.04,2025-07-02,16192.0,-0.0024057008178784882
281,1,16317.18,16154.82,2025-07-03,16236.0,0.0027137058715963258
280,1,16290.05,16127.95,2025-07-04,16209.0,-0.0016643554466129302
279,1,16285.02,16122.98,2025-07-07,16204.0,-0.0003085181895942477
278,1,16318.18,16155.82,2025-07-08,16237.0,0.0020344632645332337
277,1,16319.19,16156.81,2025-07-09,16238.0,6.158583527733764e-05
276,1,16335.27,16172.73,2025-07-10,16254.0,0.0009848578907583427
275,1,16301.1,16138.9,2025-07-11,16220.0,-0.00209398364374624
274,1,16302.1,16139.9,2025-07-14,16221.0,6.165038071053103e-05
273,1,16328.24,16165.76,2025-07-15,16247.0,0.0016015772796357465
272,1,16362.41,16199.59,2025-07-16,16281.0,0.002090507401764081
271,1,16369.44,16206.56,2025-07-17,16288.0,0.0004298566187348823
270,1,16410.65,16247.35,2025-07-18,16329.0,0.002514027752060362
269,1,16382.5,16219.5,2025-07-21,16301.0,-0.0017162124960199616
268,1,16411.65,16248.35,2025-07-22,16330.0,0.0017774513582210693
267,1,16388.53,16225.47,2025-07-23,16307.0,-0.0014094435032336043
266,1,16379.49,16216.51,2025-07-24,16298.0,-0.0005520625811121115
265,1,16364.42,16201.58,2025-07-25,16283.0,-0.0009207821159448475
264,1,16406.63,16243.38,2025-07-28,16325.005000000001,0.0025763626590783535
263,1,16422.71,16259.3,2025-07-29,16341.005,0.0009796116072649944
262,1,16480.99,16317.0,2025-07-30,16398.995000000003,0.003542459416195702
261,1,16468.94,16305.07,2025-07-31,16387.004999999997,-0.0007314097806698158
260,1,16541.29,16376.7,2025-08-01,16458.995000000003,0.004383493592769485
259,1,16576.47,16411.53,2025-08-04,16494.0,0.00212454213444176
258,1,16469.94,16306.06,2025-08-05,16388.0,-0.00644731872653897
257,1,16469.94,16306.06,2025-08-06,16388.0,0.0
256,1,16460.9,16297.1,2025-08-07,16379.0,-0.0005493331843821636
255,1,16393.56,16230.44,2025-08-08,16312.0,-0.004098993228088404
254,1,16380.5,16217.5,2025-08-11,16299.0,-0.0007972770346583203
253,1,16334.26,16171.74,2025-08-12,16253.0,-0.002826249116456816
252,1,16379.49,16216.51,2025-08-13,16298.0,0.0027648937769892495
251,1,16318.18,16155.82,2025-08-14,16237.0,-0.003749812293050722
250,1,16189.55,16028.45,2025-08-15,16109.0,-0.007914466589148808
249,1,16242.81,16081.19,2025-08-19,16162.0,0.003284685795427456
248,1,16322.2,16159.8,2025-08-20,16241.0,0.004876101381209968
247,1,16372.45,16209.55,2025-08-21,16291.0,0.0030738988915664563
246,1,16364.42,16201.58,2025-08-22,16283.0,-0.000491189301949098
245,1,16421.7,16258.3,2025-08-25,16340.0,0.003494470649773557
244,1,16336.27,16173.73,2025-08-26,16255.0,-0.005215535675988141
243,1,16358.39,16195.61,2025-08-27,16277.0,0.0013525146534924784
242,1,16436.78,16273.23,2025-08-28,16355.005,0.00478089829784553
241,1,16437.78,16274.22,2025-08-29,16356.0,6.0835795189329324e-05
240,1,16543.31,16378.69,2025-09-01,16461.0,0.006399144242552239
239,1,16545.31,16380.68,2025-09-02,16462.995000000003,0.00012118820953801567
238,1,16500.09,16335.91,2025-09-03,16418.0,-0.002736841028411642
237,1,16506.12,16341.88,2025-09-04,16424.0,0.0003653857905581345
236,1,16520.19,16355.81,2025-09-08,16438.0,0.0008520480096757367
235,1,16429.74,16266.26,2025-09-09,16348.0,-0.005490162024277349
234,1,16544.31,16379.69,2025-09-10,16462.0,0.006949128848421353
233,1,16539.28,16374.72,2025-09-11,16457.0,-0.0003037759372064362
232,1,16550.34,16385.66,2025-09-12,16468.0,0.0006681852944124537
231,1,16472.96,16309.05,2025-09-15,16391.004999999997,-0.004686395155030085
230,1,16487.03,16322.98,2025-09-16,16405.004999999997,0.0008537624455166909
229,1,16466.92,16303.08,2025-09-17,16385.0,-0.0012201890473669114
228,1,16512.15,16347.85,2025-09-18,16430.0,0.0027426498983987523
227,1,16580.49,16415.51,2025-09-19,16498.0,0.0041302293893632
226,1,16660.89,16495.11,2025-09-22,16578.0,0.004837353730794571
225,1,16690.03,16523.97,2025-09-23,16607.0,0.0017477780552814862
224,1,16719.18,16552.82,2025-09-24,16636.0,0.0017447286560492098
223,1,16763.4,16596.6,2025-09-25,16680.0,0.002641375049935534
222,1,16835.76,16668.24,2025-09-26,16752.0,0.00430725719758027
221,1,16858.88,16691.13,2025-09-29,16775.005,0.0013723267921132549
220,1,16763.4,16596.6,2025-09-30,16680.0,-0.005679583989693605
219,1,16775.46,16608.54,2025-10-01,16692.0,0.0007191657987054193
218,1,16763.4,16596.6,2025-10-02,16680.0,-0.0007191657987054853
217,1,16695.06,16528.94,2025-10-03,16612.0,-0.004085071162093613
216,1,16694.06,16527.94,2025-10-06,16611.0,-6.0199259567263256e-05
215,1,16680.99,16515.01,2025-10-07,16598.0,-0.0007829203326835421
214,1,16642.8,16477.2,2025-10-08,16560.0,-0.0022920572191426226
213,1,16689.03,16522.97,2025-10-09,16606.0,0.0027739268827252244
212,1,16616.67,16451.33,2025-10-10,16534.0,-0.0043452090093550515
211,1,16667.92,16502.08,2025-10-13,16585.0,0.003079805568531944
210,1,16662.9,16497.1,2025-10-14,16580.0,-0.0003015226918668473
209,1,16659.88,16494.12,2025-10-15,16577.0,-0.00018095726441998418
208,1,16659.88,16494.12,2025-10-16,16577.0,0.0
207,1,16662.9,16497.1,2025-10-17,16580.0,0.00018095726441985703
206,1,16672.95,16507.05,2025-10-20,16590.0,0.000602954495204124
205,1,16667.92,16502.08,2025-10-21,16585.0,-0.00030143180333742475
204,1,16671.94,16506.06,2025-10-22,16589.0,0.0002411527111222742
203,1,16700.08,16533.92,2025-10-23,16617.0,0.0016864426089385374
202,1,16728.22,16561.78,2025-10-24,16645.0,0.001683603307911672
201,1,16713.15,16546.85,2025-10-27,16630.0,-0.0009015778221519439
200,1,16711.14,16544.86,2025-10-28,16628.0,-0.0001202718144453092
199,1,16705.11,16538.89,2025-10-29,16622.0,-0.00036090225955640444
198,1,16714.15,16547.85,2025-10-30,16631.0,0.0005413045571682957
197,1,16723.2,16556.8,2025-10-31,16640.0,0.0005410117050596148
196,1,16708.13,16541.88,2025-11-03,16625.005,-0.0009015480993101709
195,1,16747.32,16580.68,2025-11-04,16664.0,0.002342816664918538
194,1,16807.62,16640.38,2025-11-05,16724.0,0.0035941095356476407
193,1,16812.65,16645.35,2025-11-06,16729.0,0.0002989268548251054
192,1,16790.53,16623.47,2025-11-07,16707.0,-0.001315947073502416
191,1,16787.52,16620.48,2025-11-10,16704.0,-0.0001795815754130532
190,1,16749.33,16582.67,2025-11-11,16666.0,-0.002277495740213131
189,1,16781.49,16614.51,2025-11-12,16698.0,0.0019182358117936177
188,1,16805.61,16638.39,2025-11-13,16722.0,0.0014362659560575022
187,1,16815.66,16648.34,2025-11-14,16732.0,0.0005978358520858625
186,1,16793.55,16626.45,2025-11-17,16710.0,-0.0013157109726495955
185,1,16817.67,16650.33,2025-11-18,16734.0,0.0014352352661045887
184,1,16843.8,16676.2,2025-11-19,16760.0,0.0015525171805300362
183,1,16815.66,16648.34,2025-11-20,16732.0,-0.0016720414739849468
182,1,16825.71,16658.29,2025-11-21,16742.0,0.0005974786579126025
181,1,16802.6,16635.4,2025-11-24,16719.0,-0.001374734982355626
180,1,16792.54,16625.46,2025-11-25,16709.0,-0.0005983008435026098
179,1,16750.33,16583.67,2025-11-26,16667.0,-0.0025167798519673437
178,1,16756.37,16589.63,2025-11-27,16673.0,0.00035992801828288494
177,1,16727.22,16560.78,2025-11-28,16644.0,-0.001740853457626943
176,1,16744.31,16577.69,2025-12-01,16661.0,0.0010208678262368586
175,1,16751.34,16584.66,2025-12-02,16668.0,0.00042005461327543467
174,1,16715.16,16548.84,2025-12-03,16632.0,-0.002162163004495237
173,1,16715.16,16548.84,2025-12-04,16632.0,0.0
172,1,16729.23,16562.77,2025-12-05,16646.0,0.0008413967681916179
171,1,16738.28,16571.72,2025-12-08,16655.0,0.000540524321739604
170,1,16771.44,16604.56,2025-12-09,16688.0,0.001979426612773614
169,1,16760.38,16593.62,2025-12-10,16677.0,-0.0006593736189744747
168,1,16771.44,16604.56,2025-12-11,16688.0,0.000659373618974457
167,1,16751.34,16584.66,2025-12-12,16668.0,-0.0011991846982096262
166,1,16735.26,16568.74,2025-12-15,16652.0,-0.0009603842274779755
165,1,16752.35,16585.65,2025-12-16,16669.0,0.0010203776282219441
164,1,16776.47,16609.53,2025-12-17,16693.0,0.001438762912299962
163,1,16781.49,16614.51,2025-12-18,16698.0,0.0002994818985577449
162,1,16805.61,16638.39,2025-12-19,16722.0,0.0014362659560575022
161,1,16818.67,16651.33,2025-12-22,16735.0,0.0007771169354237669
160,1,16856.87,16689.13,2025-12-23,16773.0,0.0022681160493280453
159,1,16873.95,16706.05,2025-12-24,16790.0,0.0010130203768314164
158,1,16850.83,16683.17,2025-12-29,16767.0,-0.0013708021337787146
157,1,16871.94,16704.06,2025-12-30,16788.0,0.001251676515673578
156,1,16865.91,16698.09,2025-12-31,16782.0,-0.00035746202346678056
155,1,16803.6,16636.4,2026-01-02,16720.0,-0.0037012757913221037
154,1,16808.63,16641.38,2026-01-05,16725.005,0.000299297311354199
153,1,16831.74,16664.26,2026-01-06,16748.0,0.0013739431889872812
152,1,16845.81,16678.19,2026-01-07,16762.0,0.0008355715198176214
151,1,16868.92,16701.08,2026-01-08,16785.0,0.0013712107552838876
150,1,16885.01,16716.99,2026-01-09,16801.0,0.0009527780152670861
149,1,16918.17,16749.83,2026-01-12,16834.0,0.001962242342118989
148,1,16937.26,16768.74,2026-01-13,16853.0,0.001128031704498637
147,1,16959.38,16790.63,2026-01-14,16875.005,0.0013048505609630954
146,1,16955.35,16786.65,2026-01-15,16871.0,-0.00023736143100820719
145,1,16964.4,16795.6,2026-01-19,16880.0,0.000533317543973311
144,1,17019.67,16850.33,2026-01-20,16935.0,0.003252997101923974
143,1,17065.9,16896.1,2026-01-21,16981.0,0.0027125856944289714
142,1,17047.81,16878.19,2026-01-22,16963.0,-0.0010605704505782883
141,1,16986.51,16817.49,2026-01-23,16902.0,-0.003602543391295274
140,1,16922.19,16753.81,2026-01-26,16838.0,-0.0037937212068182733
139,1,16862.9,16695.1,2026-01-27,16779.0,-0.0035101324079116593
138,1,16885.01,16716.99,2026-01-28,16801.0,0.0013103039397048557
137,1,16806.62,16639.38,2026-01-29,16723.0,-0.00465339104827964
136,1,16869.93,16702.07,2026-01-30,16786.0,0.003760188261649957
135,1,16879.98,16712.02,2026-02-02,16796.0,0.0005955571613109865
134,1,16884.0,16716.0,2026-02-03,16800.0,0.000238123587266315
133,1,16860.88,16693.12,2026-02-04,16777.0,-0.0013699856209498588
132,1,16858.88,16691.13,2026-02-05,16775.005,-0.00011891986796914811
131,1,16910.13,16741.87,2026-02-06,16826.0,0.0030353282083276424
130,1,16971.44,16802.56,2026-02-09,16887.0,0.003618786021377475
129,1,16922.19,16753.81,2026-02-10,16838.0,-0.002905858234527001
128,1,16882.99,16715.01,2026-02-11,16799.0,-0.0023188760873950236
127,1,16864.9,16697.1,2026-02-12,16781.0,-0.0010720668090524136
126,1,16910.13,16741.87,2026-02-13,16826.0,0.0026780151095970152
125,1,16928.22,16759.78,2026-02-18,16844.0,0.0010692011710595568
124,1,16968.42,16799.58,2026-02-19,16884.0,0.0023719176205709443
123,1,17009.63,16840.38,2026-02-20,16925.005,0.00242568629901769
122,1,16969.42,16800.58,2026-02-23,16885.0,-0.0023664603817389754
121,1,16902.09,16733.91,2026-02-24,16818.0,-0.003975912426824752
120,1,16914.15,16745.85,2026-02-25,16830.0,0.0007132667920083311
119,1,16897.06,16728.94,2026-02-26,16813.0,-0.0010106115059235032
118,1,16841.79,16674.21,2026-02-27,16758.0,-0.003276640505696411
117,1,16862.9,16695.1,2026-03-02,16779.0,0.0012523483164658734
116,1,16932.24,16763.76,2026-03-03,16848.0,0.004103850884059137
115,1,16954.35,16785.65,2026-03-04,16870.0,0.0013049411662571914
114,1,16995.56,16826.44,2026-03-05,16911.0,0.002427401209670705
113,1,16970.43,16801.57,2026-03-06,16886.0,-0.00147942152023946
112,1,17003.6,16834.4,2026-03-09,16919.0,0.0019523745293511655
111,1,17058.87,16889.13,2026-03-10,16974.0,0.0032455107708259066
110,1,16963.4,16794.6,2026-03-11,16879.0,-0.005612515840694363
109,1,16951.33,16782.67,2026-03-12,16867.0,-0.0007111954309131952
108,1,16983.49,16814.51,2026-03-13,16899.0,0.0018953983048090018
107,1,17018.67,16849.33,2026-03-16,16934.0,0.002068986639398821
106,1,17074.95,16905.05,2026-03-17,16990.0,0.003301500463755235
105,1,17066.91,16897.09,2026-03-25,16982.0,-0.0004709761066690137
104,1,16989.53,16820.47,2026-03-26,16905.0,-0.0045445234173224
103,1,16987.51,16818.49,2026-03-27,16903.0,-0.0001183151918085847
102,1,17041.78,16872.22,2026-03-30,16957.0,0.0031896069569496486
101,1,17077.97,16908.03,2026-03-31,16993.0,0.0021207666269780216
100,1,17083.99,16914.01,2026-04-01,16999.0,0.00035302424466430093
99,1,17087.01,16916.99,2026-04-02,17002.0,0.00017646539853453605
98,1,17100.08,16929.92,2026-04-06,17015.0,0.000764323757701847
97,1,17122.19,16951.81,2026-04-07,17037.0,0.0012921416105360613
96,1,17177.46,17006.54,2026-04-08,17092.0,0.0032230682183732786
95,1,17094.04,16923.96,2026-04-09,17009.0,-0.004867902049823861
94,1,17167.41,16996.59,2026-04-10,17082.0,0.004282661792000949
93,1,17197.56,17026.44,2026-04-13,17112.0,0.0017546942561489777
92,1,17207.61,17036.39,2026-04-14,17122.0,0.0005842145401894804
91,1,17220.67,17049.33,2026-04-15,17135.0,0.0007589690062782771
90,1,17226.71,17055.29,2026-04-16,17141.0,0.00035009919834785906
89,1,17227.71,17056.29,2026-04-17,17142.0,5.8337951770958827e-05
88,1,17274.94,17103.06,2026-04-20,17189.0,0.0027380518693288576
87,1,17261.88,17090.12,2026-04-21,17176.0,-0.000756583769539966
86,1,17227.71,17056.29,2026-04-22,17142.0,-0.001981468099788872
85,1,17264.9,17093.1,2026-04-23,17179.0,0.002156115167617463
84,1,17394.54,17221.46,2026-04-24,17308.0,0.00748111471832989
83,1,17364.39,17191.61,2026-04-27,17278.0,-0.0017348064259459395
82,1,17313.13,17140.87,2026-04-28,17227.0,-0.0029560954724603206
81,1,17331.22,17158.78,2026-04-29,17245.0,0.0010443259245721825
80,1,17410.62,17237.38,2026-04-30,17324.0,0.004570576963575927
79,1,17464.89,17291.11,2026-05-04,17378.0,0.0031122150646340926
78,1,17454.84,17281.16,2026-05-05,17368.0,-0.0005756058410235641
77,1,17512.13,17337.88,2026-05-06,17425.005,0.003276811014601696
76,1,17492.03,17317.97,2026-05-07,17405.0,-0.0011487223271901916
75,1,17448.81,17275.19,2026-05-08,17362.0,-0.0024736112937859484
74,1,17461.88,17288.13,2026-05-11,17375.005,0.0007487692509823352
73,1,17502.08,17327.92,2026-05-12,17415.0,0.0022992245973659006
72,1,17601.57,17426.43,2026-05-13,17514.0,0.005668657282068186
71,1,17583.48,17408.52,2026-05-18,17496.0,-0.0010282777255659324
70,1,17754.33,17577.67,2026-05-19,17666.0,0.009669604948473711
69,1,17807.6,17630.4,2026-05-20,17719.0,0.0029956218529918754
68,1,17773.42,17596.58,2026-05-21,17685.0,-0.001920687518488335
67,1,17761.37,17584.63,2026-05-22,17673.0,-0.0006787714497839689
66,1,17805.58,17628.42,2026-05-25,17717.0,0.002486579410640397
65,1,17831.72,17654.28,2026-05-26,17743.0,0.0014664413231419372
64,1,17877.94,17700.06,2026-05-29,17789.0,0.0025892168016902885
63,1,17972.42,17793.58,2026-06-02,17883.0,0.0052702521627664865
62,1,17952.31,17773.69,2026-06-03,17863.0,-0.0011190064391517823
61,1,18020.65,17841.35,2026-06-04,17931.0,0.0037995240434793728
60,1,18129.19,17948.81,2026-06-05,18039.0,0.006005022215314418
59,1,18129.19,17948.81,2026-06-08,18039.0,0.0
58,1,18261.85,18080.15,2026-06-09,18171.0,0.007290835941378409
57,1,18231.71,18050.29,2026-06-10,18141.0,-0.0016523467077342855
56,1,18060.85,17881.15,2026-06-11,17971.0,-0.009415222409300487
55,1,18070.9,17891.1,2026-06-12,17981.0,0.0005562972996154266
54,1,18010.6,17831.4,2026-06-15,17921.0,-0.0033424352882489537
53,1,17807.6,17630.4,2026-06-17,17719.0,-0.011335699385319363
52,1,17841.76,17664.24,2026-06-18,17753.0,0.0019170055487282786
51,1,17915.13,17736.87,2026-06-19,17826.0,0.004103549983865061
50,1,17915.13,17736.87,2026-06-22,17826.0,0.0
49,1,17908.1,17729.9,2026-06-23,17819.0,-0.00039276196324793887
48,1,17957.34,17778.66,2026-06-24,17868.0,0.0027460997445944713
47,1,18044.78,17865.22,2026-06-25,17955.0,0.0048572241881738665
46,1,18031.71,17852.29,2026-06-26,17942.0,-0.0007242945409543782
45,1,18051.81,17872.19,2026-06-29,17962.0,0.001114082111666195
44,1,17945.28,17766.72,2026-06-30,17856.0,-0.005918829049857528
43,1,17988.49,17809.51,2026-07-01,17899.0,0.0024052591654625433
42,1,18050.81,17871.19,2026-07-02,17961.0,0.0034578952469617443
41,1,18083.97,17904.03,2026-07-03,17994.0,0.0018356283836023061
40,1,18049.8,17870.2,2026-07-06,17960.0,-0.0018913061208734386
39,1,18088.99,17909.01,2026-07-07,17999.0,0.0021691379232886524
38,1,18077.94,17898.06,2026-07-08,17988.0,-0.0006113318888810876
37,1,18095.03,17914.97,2026-07-09,18005.0,0.0009446281923774926
36,1,18180.45,17999.55,2026-07-10,18090.0,0.00470980230636524
35,1,18159.35,17978.65,2026-07-13,18069.0,-0.0011615366775100582
34,1,18221.65,18040.35,2026-07-14,18131.0,0.003425417713977991
33,1,18189.49,18008.51,2026-07-15,18099.0,-0.0017664923169373535
32,1,18154.32,17973.68,2026-07-16,18064.0,-0.0019356807194281982
31,1,18131.21,17950.79,2026-07-17,18041.0,-0.001274061936640279
30,1,18033.72,17854.28,2026-07-20,17944.0,-0.00539114825275876
29,1,18065.88,17886.12,2026-07-21,17976.0,0.0017817376651209436
28,1,17998.54,17819.46,2026-07-22,17909.0,-0.0037341550984257422
27,1,17998.54,17819.46,2026-07-23,17909.0,0.0
26,1,18004.58,17825.42,2026-07-24,17915.0,0.00033497097231486016
25,1,18062.87,17883.13,2026-07-27,17973.0,0.0032322810129803204
24,1,18084.97,17905.03,2026-07-28,17995.0,0.0012233097610964716
23,1,18178.44,17997.56,2026-07-29,18088.0,0.0051547934446746655
22,1,18177.44,17996.56,2026-07-30,18087.0,-5.528680029046967e-05
21,1,18168.39,17987.61,2026-07-31,18078.0,-0.0004977187991589985
20,1,18148.29,17967.71,2026-08-03,18058.0,-0.0011069294909317221
19,1,18080.96,17901.04,2026-08-04,17991.0,-0.0037171670308050334
18,1,18127.19,17946.81,2026-08-05,18037.0,0.0025535708335798586
17,1,18026.69,17847.31,2026-08-06,17937.0,-0.005559585121185099
16,1,18008.6,17829.4,2026-08-07,17919.0,-0.0010040161485984818
15,1,18002.56,17823.44,2026-08-10,17913.0,-0.00033489618531357856
14,1,17883.97,17706.03,2026-08-11,17795.0,-0.006609187270809012
13,1,17913.12,17734.88,2026-08-12,17824.0,0.001628344782717429
12,1,17965.38,17786.62,2026-08-13,17876.0,0.0029131673263315012
11,1,17971.41,17792.59,2026-08-14,17882.0,0.00033558924192116096
10,1,17925.18,17746.82,2026-08-18,17836.0,-0.0025757335478961197
9,1,17945.28,17766.72,2026-08-19,17856.0,0.0011206994336702698
8,1,17933.22,17754.78,2026-08-20,17844.0,-0.0006722689328821566
7,1,17867.9,17690.1,2026-08-21,17779.0,-0.003649331731583732
6,1,17793.53,17616.47,2026-08-24,17705.0,-0.004170899970567494
5,1,17791.51,17614.49,2026-08-26,17703.0,-0.0001129688207256574
4,1,17805.58,17628.42,2026-08-27,17717.0,0.0007905138751589766
3,1,17850.81,17673.19,2026-08-28,17762.0,0.002536713218011985
2,1,17791.51,17614.49,2026-08-31,17703.0,-0.0033272270931709903
1,1,17834.73,17657.27,2026-09-01,17746.0,0.002426021670004689
