NO,Nilai,Kurs Jual,Kurs Beli,Tanggal
1,1,17834.73,17657.27,9/1/2026 12:00:00 AM
2,1,17791.51,17614.49,8/31/2026 12:00:00 AM
3,1,17850.81,17673.19,8/28/2026 12:00:00 AM
4,1,17805.58,17628.42,8/27/2026 12:00:00 AM
5,1,17791.51,17614.49,8/26/2026 12:00:00 AM
6,1,17793.53,17616.47,8/24/2026 12:00:00 AM
7,1,17867.9,17690.1,8/21/2026 12:00:00 AM
8,1,17933.22,17754.78,8/20/2026 12:00:00 AM
9,1,17945.28,17766.72,8/19/2026 12:00:00 AM
10,1,17925.18,17746.82,8/18/2026 12:00:00 AM
11,1,17971.41,17792.59,8/14/2026 12:00:00 AM
12,1,17965.38,17786.62,8/13/2026 12:00:00 AM
13,1,17913.12,17734.88,8/12/2026 12:00:00 AM
14,1,17883.97,17706.03,8/11/2026 12:00:00 AM
15,1,18002.56,17823.44,8/10/2026 12:00:00 AM
16,1,18008.6,17829.4,8/7/2026 12:00:00 AM
17,1,18026.69,17847.31,8/6/2026 12:00:00 AM
18,1,18127.19,17946.81,8/5/2026 12:00:00 AM
19,1,18080.96,17901.04,8/4/2026 12:00:00 AM
20,1,18148.29,17967.71,8/3/2026 12:00:00 AM
21,1,18168.39,17987.61,7/31/2026 12:00:00 AM
22,1,18177.44,17996.56,7/30/2026 12:00:00 AM
23,1,18178.44,17997.56,7/29/2026 12:00:00 AM
24,1,18084.97,17905.03,7/28/2026 12:00:00 AM
25,1,18062.87,17883.13,7/27/2026 12:00:00 AM
26,1,18004.58,17825.42,7/24/2026 12:00:00 AM
27,1,17998.54,17819.46,7/23/2026 12:00:00 AM
28,1,17998.54,17819.46,7/22/2026 12:00:00 AM
29,1,18065.88,17886.12,7/21/2026 12:00:00 AM
30,1,18033.72,17854.28,7/20/2026 12:00:00 AM
31,1,18131.21,17950.79,7/17/2026 12:00:00 AM
32,1,18154.32,17973.68,7/16/2026 12:00:00 AM
33,1,18189.49,18008.51,7/15/2026 12:00:00 AM
34,1,18221.65,18040.35,7/14/2026 12:00:00 AM
35,1,18159.35,17978.65,7/13/2026 12:00:00 AM
36,1,18180.45,17999.55,7/10/2026 12:00:00 AM
37,1,18095.03,17914.97,7/9/2026 12:00:00 AM
38,1,18077.94,17898.06,7/8/2026 12:00:00 AM
39,1,18088.99,17909.01,7/7/2026 12:00:00 AM
40,1,18049.8,17870.2,7/6/2026 12:00:00 AM
41,1,18083.97,17904.03,7/3/2026 12:00:00 AM
42,1,18050.81,17871.19,7/2/2026 12:00:00 AM
43,1,17988.49,17809.51,7/1/2026 12:00:00 AM
44,1,17945.28,17766.72,6/30/2026 12:00:00 AM
45,1,18051.81,17872.19,6/29/2026 12:00:00 AM
46,1,18031.71,17852.29,6/26/2026 12:00:00 AM
47,1,18044.78,17865.22,6/25/2026 12:00:00 AM
48,1,17957.34,17778.66,6/24/2026 12:00:00 AM
49,1,17908.1,17729.9,6/23/2026 12:00:00 AM
50,1,17915.13,17736.87,6/22/2026 12:00:00 AM
51,1,17915.13,17736.87,6/19/2026 12:00:00 AM
52,1,17841.76,17664.24,6/18/2026 12:00:00 AM
53,1,17807.6,17630.4,6/17/2026 12:00:00 AM
54,1,18010.6,17831.4,6/15/2026 12:00:00 AM
55,1,18070.9,17891.1,6/12/2026 12:00:00 AM
56,1,18060.85,17881.15,6/11/2026 12:00:00 AM
57,1,18231.71,18050.29,6/10/2026 12:00:00 AM
58,1,18261.85,18080.15,6/9/2026 12:00:00 AM
59,1,18129.19,17948.81,6/8/2026 12:00:00 AM
60,1,18129.19,17948.81,6/5/2026 12:00:00 AM
61,1,18020.65,17841.35,6/4/2026 12:00:00 AM
62,1,17952.31,17773.69,6/3/2026 12:00:00 AM
63,1,17972.42,17793.58,6/2/2026 12:00:00 AM
64,1,17877.94,17700.06,5/29/2026 12:00:00 AM
65,1,17831.72,17654.28,5/26/2026 12:00:00 AM
66,1,17805.58,17628.42,5/25/2026 12:00:00 AM
67,1,17761.37,17584.63,5/22/2026 12:00:00 AM
68,1,17773.42,17596.58,5/21/2026 12:00:00 AM
69,1,17807.6,17630.4,5/20/2026 12:00:00 AM
70,1,17754.33,17577.67,5/19/2026 12:00:00 AM
71,1,17583.48,17408.52,5/18/2026 12:00:00 AM
72,1,17601.57,17426.43,5/13/2026 12:00:00 AM
73,1,17502.08,17327.92,5/12/2026 12:00:00 AM
74,1,17461.88,17288.13,5/11/2026 12:00:00 AM
75,1,17448.81,17275.19,5/8/2026 12:00:00 AM
76,1,17492.03,17317.97,5/7/2026 12:00:00 AM
77,1,17512.13,17337.88,5/6/2026 12:00:00 AM
78,1,17454.84,17281.16,5/5/2026 12:00:00 AM
79,1,17464.89,17291.11,5/4/2026 12:00:00 AM
80,1,17410.62,17237.38,4/30/2026 12:00:00 AM
81,1,17331.22,17158.78,4/29/2026 12:00:00 AM
82,1,17313.13,17140.87,4/28/2026 12:00:00 AM
83,1,17364.39,17191.61,4/27/2026 12:00:00 AM
84,1,17394.54,17221.46,4/24/2026 12:00:00 AM
85,1,17264.9,17093.1,4/23/2026 12:00:00 AM
86,1,17227.71,17056.29,4/22/2026 12:00:00 AM
87,1,17261.88,17090.12,4/21/2026 12:00:00 AM
88,1,17274.94,17103.06,4/20/2026 12:00:00 AM
89,1,17227.71,17056.29,4/17/2026 12:00:00 AM
90,1,17226.71,17055.29,4/16/2026 12:00:00 AM
91,1,17220.67,17049.33,4/15/2026 12:00:00 AM
92,1,17207.61,17036.39,4/14/2026 12:00:00 AM
93,1,17197.56,17026.44,4/13/2026 12:00:00 AM
94,1,17167.41,16996.59,4/10/2026 12:00:00 AM
95,1,17094.04,16923.96,4/9/2026 12:00:00 AM
96,1,17177.46,17006.54,4/8/2026 12:00:00 AM
97,1,17122.19,16951.81,4/7/2026 12:00:00 AM
98,1,17100.08,16929.92,4/6/2026 12:00:00 AM
99,1,17087.01,16916.99,4/2/2026 12:00:00 AM
100,1,17083.99,16914.01,4/1/2026 12:00:00 AM
101,1,17077.97,16908.03,3/31/2026 12:00:00 AM
102,1,17041.78,16872.22,3/30/2026 12:00:00 AM
103,1,16987.51,16818.49,3/27/2026 12:00:00 AM
104,1,16989.53,16820.47,3/26/2026 12:00:00 AM
105,1,17066.91,16897.09,3/25/2026 12:00:00 AM
106,1,17074.95,16905.05,3/17/2026 12:00:00 AM
107,1,17018.67,16849.33,3/16/2026 12:00:00 AM
108,1,16983.49,16814.51,3/13/2026 12:00:00 AM
109,1,16951.33,16782.67,3/12/2026 12:00:00 AM
110,1,16963.4,16794.6,3/11/2026 12:00:00 AM
111,1,17058.87,16889.13,3/10/2026 12:00:00 AM
112,1,17003.6,16834.4,3/9/2026 12:00:00 AM
113,1,16970.43,16801.57,3/6/2026 12:00:00 AM
114,1,16995.56,16826.44,3/5/2026 12:00:00 AM
115,1,16954.35,16785.65,3/4/2026 12:00:00 AM
116,1,16932.24,16763.76,3/3/2026 12:00:00 AM
117,1,16862.9,16695.1,3/2/2026 12:00:00 AM
118,1,16841.79,16674.21,2/27/2026 12:00:00 AM
119,1,16897.06,16728.94,2/26/2026 12:00:00 AM
120,1,16914.15,16745.85,2/25/2026 12:00:00 AM
121,1,16902.09,16733.91,2/24/2026 12:00:00 AM
122,1,16969.42,16800.58,2/23/2026 12:00:00 AM
123,1,17009.63,16840.38,2/20/2026 12:00:00 AM
124,1,16968.42,16799.58,2/19/2026 12:00:00 AM
125,1,16928.22,16759.78,2/18/2026 12:00:00 AM
126,1,16910.13,16741.87,2/13/2026 12:00:00 AM
127,1,16864.9,16697.1,2/12/2026 12:00:00 AM
128,1,16882.99,16715.01,2/11/2026 12:00:00 AM
129,1,16922.19,16753.81,2/10/2026 12:00:00 AM
130,1,16971.44,16802.56,2/9/2026 12:00:00 AM
131,1,16910.13,16741.87,2/6/2026 12:00:00 AM
132,1,16858.88,16691.13,2/5/2026 12:00:00 AM
133,1,16860.88,16693.12,2/4/2026 12:00:00 AM
134,1,16884,16716,2/3/2026 12:00:00 AM
135,1,16879.98,16712.02,2/2/2026 12:00:00 AM
136,1,16869.93,16702.07,1/30/2026 12:00:00 AM
137,1,16806.62,16639.38,1/29/2026 12:00:00 AM
138,1,16885.01,16716.99,1/28/2026 12:00:00 AM
139,1,16862.9,16695.1,1/27/2026 12:00:00 AM
140,1,16922.19,16753.81,1/26/2026 12:00:00 AM
141,1,16986.51,16817.49,1/23/2026 12:00:00 AM
142,1,17047.81,16878.19,1/22/2026 12:00:00 AM
143,1,17065.9,16896.1,1/21/2026 12:00:00 AM
144,1,17019.67,16850.33,1/20/2026 12:00:00 AM
145,1,16964.4,16795.6,1/19/2026 12:00:00 AM
146,1,16955.35,16786.65,1/15/2026 12:00:00 AM
147,1,16959.38,16790.63,1/14/2026 12:00:00 AM
148,1,16937.26,16768.74,1/13/2026 12:00:00 AM
149,1,16918.17,16749.83,1/12/2026 12:00:00 AM
150,1,16885.01,16716.99,1/9/2026 12:00:00 AM
151,1,16868.92,16701.08,1/8/2026 12:00:00 AM
152,1,16845.81,16678.19,1/7/2026 12:00:00 AM
153,1,16831.74,16664.26,1/6/2026 12:00:00 AM
154,1,16808.63,16641.38,1/5/2026 12:00:00 AM
155,1,16803.6,16636.4,1/2/2026 12:00:00 AM
156,1,16865.91,16698.09,12/31/2025 12:00:00 AM
157,1,16871.94,16704.06,12/30/2025 12:00:00 AM
158,1,16850.83,16683.17,12/29/2025 12:00:00 AM
159,1,16873.95,16706.05,12/24/2025 12:00:00 AM
160,1,16856.87,16689.13,12/23/2025 12:00:00 AM
161,1,16818.67,16651.33,12/22/2025 12:00:00 AM
162,1,16805.61,16638.39,12/19/2025 12:00:00 AM
163,1,16781.49,16614.51,12/18/2025 12:00:00 AM
164,1,16776.47,16609.53,12/17/2025 12:00:00 AM
165,1,16752.35,16585.65,12/16/2025 12:00:00 AM
166,1,16735.26,16568.74,12/15/2025 12:00:00 AM
167,1,16751.34,16584.66,12/12/2025 12:00:00 AM
168,1,16771.44,16604.56,12/11/2025 12:00:00 AM
169,1,16760.38,16593.62,12/10/2025 12:00:00 AM
170,1,16771.44,16604.56,12/9/2025 12:00:00 AM
171,1,16738.28,16571.72,12/8/2025 12:00:00 AM
172,1,16729.23,16562.77,12/5/2025 12:00:00 AM
173,1,16715.16,16548.84,12/4/2025 12:00:00 AM
174,1,16715.16,16548.84,12/3/2025 12:00:00 AM
175,1,16751.34,16584.66,12/2/2025 12:00:00 AM
176,1,16744.31,16577.69,12/1/2025 12:00:00 AM
177,1,16727.22,16560.78,11/28/2025 12:00:00 AM
178,1,16756.37,16589.63,11/27/2025 12:00:00 AM
179,1,16750.33,16583.67,11/26/2025 12:00:00 AM
180,1,16792.54,16625.46,11/25/2025 12:00:00 AM
181,1,16802.6,16635.4,11/24/2025 12:00:00 AM
182,1,16825.71,16658.29,11/21/2025 12:00:00 AM
183,1,16815.66,16648.34,11/20/2025 12:00:00 AM
184,1,16843.8,16676.2,11/19/2025 12:00:00 AM
185,1,16817.67,16650.33,11/18/2025 12:00:00 AM
186,1,16793.55,16626.45,11/17/2025 12:00:00 AM
187,1,16815.66,16648.34,11/14/2025 12:00:00 AM
188,1,16805.61,16638.39,11/13/2025 12:00:00 AM
189,1,16781.49,16614.51,11/12/2025 12:00:00 AM
190,1,16749.33,16582.67,11/11/2025 12:00:00 AM
191,1,16787.52,16620.48,11/10/2025 12:00:00 AM
192,1,16790.53,16623.47,11/7/2025 12:00:00 AM
193,1,16812.65,16645.35,11/6/2025 12:00:00 AM
194,1,16807.62,16640.38,11/5/2025 12:00:00 AM
195,1,16747.32,16580.68,11/4/2025 12:00:00 AM
196,1,16708.13,16541.88,11/3/2025 12:00:00 AM
197,1,16723.2,16556.8,10/31/2025 12:00:00 AM
198,1,16714.15,16547.85,10/30/2025 12:00:00 AM
199,1,16705.11,16538.89,10/29/2025 12:00:00 AM
200,1,16711.14,16544.86,10/28/2025 12:00:00 AM
201,1,16713.15,16546.85,10/27/2025 12:00:00 AM
202,1,16728.22,16561.78,10/24/2025 12:00:00 AM
203,1,16700.08,16533.92,10/23/2025 12:00:00 AM
204,1,16671.94,16506.06,10/22/2025 12:00:00 AM
205,1,16667.92,16502.08,10/21/2025 12:00:00 AM
206,1,16672.95,16507.05,10/20/2025 12:00:00 AM
207,1,16662.9,16497.1,10/17/2025 12:00:00 AM
208,1,16659.88,16494.12,10/16/2025 12:00:00 AM
209,1,16659.88,16494.12,10/15/2025 12:00:00 AM
210,1,16662.9,16497.1,10/14/2025 12:00:00 AM
211,1,16667.92,16502.08,10/13/2025 12:00:00 AM
212,1,16616.67,16451.33,10/10/2025 12:00:00 AM
213,1,16689.03,16522.97,10/9/2025 12:00:00 AM
214,1,16642.8,16477.2,10/8/2025 12:00:00 AM
215,1,16680.99,16515.01,10/7/2025 12:00:00 AM
216,1,16694.06,16527.94,10/6/2025 12:00:00 AM
217,1,16695.06,16528.94,10/3/2025 12:00:00 AM
218,1,16763.4,16596.6,10/2/2025 12:00:00 AM
219,1,16775.46,16608.54,10/1/2025 12:00:00 AM
220,1,16763.4,16596.6,9/30/2025 12:00:00 AM
221,1,16858.88,16691.13,9/29/2025 12:00:00 AM
222,1,16835.76,16668.24,9/26/2025 12:00:00 AM
223,1,16763.4,16596.6,9/25/2025 12:00:00 AM
224,1,16719.18,16552.82,9/24/2025 12:00:00 AM
225,1,16690.03,16523.97,9/23/2025 12:00:00 AM
226,1,16660.89,16495.11,9/22/2025 12:00:00 AM
227,1,16580.49,16415.51,9/19/2025 12:00:00 AM
228,1,16512.15,16347.85,9/18/2025 12:00:00 AM
229,1,16466.92,16303.08,9/17/2025 12:00:00 AM
230,1,16487.03,16322.98,9/16/2025 12:00:00 AM
231,1,16472.96,16309.05,9/15/2025 12:00:00 AM
232,1,16550.34,16385.66,9/12/2025 12:00:00 AM
233,1,16539.28,16374.72,9/11/2025 12:00:00 AM
234,1,16544.31,16379.69,9/10/2025 12:00:00 AM
235,1,16429.74,16266.26,9/9/2025 12:00:00 AM
236,1,16520.19,16355.81,9/8/2025 12:00:00 AM
237,1,16506.12,16341.88,9/4/2025 12:00:00 AM
238,1,16500.09,16335.91,9/3/2025 12:00:00 AM
239,1,16545.31,16380.68,9/2/2025 12:00:00 AM
240,1,16543.31,16378.69,9/1/2025 12:00:00 AM
241,1,16437.78,16274.22,8/29/2025 12:00:00 AM
242,1,16436.78,16273.23,8/28/2025 12:00:00 AM
243,1,16358.39,16195.61,8/27/2025 12:00:00 AM
244,1,16336.27,16173.73,8/26/2025 12:00:00 AM
245,1,16421.7,16258.3,8/25/2025 12:00:00 AM
246,1,16364.42,16201.58,8/22/2025 12:00:00 AM
247,1,16372.45,16209.55,8/21/2025 12:00:00 AM
248,1,16322.2,16159.8,8/20/2025 12:00:00 AM
249,1,16242.81,16081.19,8/19/2025 12:00:00 AM
250,1,16189.55,16028.45,8/15/2025 12:00:00 AM
251,1,16318.18,16155.82,8/14/2025 12:00:00 AM
252,1,16379.49,16216.51,8/13/2025 12:00:00 AM
253,1,16334.26,16171.74,8/12/2025 12:00:00 AM
254,1,16380.5,16217.5,8/11/2025 12:00:00 AM
255,1,16393.56,16230.44,8/8/2025 12:00:00 AM
256,1,16460.9,16297.1,8/7/2025 12:00:00 AM
257,1,16469.94,16306.06,8/6/2025 12:00:00 AM
258,1,16469.94,16306.06,8/5/2025 12:00:00 AM
259,1,16576.47,16411.53,8/4/2025 12:00:00 AM
260,1,16541.29,16376.7,8/1/2025 12:00:00 AM
261,1,16468.94,16305.07,7/31/2025 12:00:00 AM
262,1,16480.99,16317,7/30/2025 12:00:00 AM
263,1,16422.71,16259.3,7/29/2025 12:00:00 AM
264,1,16406.63,16243.38,7/28/2025 12:00:00 AM
265,1,16364.42,16201.58,7/25/2025 12:00:00 AM
266,1,16379.49,16216.51,7/24/2025 12:00:00 AM
267,1,16388.53,16225.47,7/23/2025 12:00:00 AM
268,1,16411.65,16248.35,7/22/2025 12:00:00 AM
269,1,16382.5,16219.5,7/21/2025 12:00:00 AM
270,1,16410.65,16247.35,7/18/2025 12:00:00 AM
271,1,16369.44,16206.56,7/17/2025 12:00:00 AM
272,1,16362.41,16199.59,7/16/2025 12:00:00 AM
273,1,16328.24,16165.76,7/15/2025 12:00:00 AM
274,1,16302.1,16139.9,7/14/2025 12:00:00 AM
275,1,16301.1,16138.9,7/11/2025 12:00:00 AM
276,1,16335.27,16172.73,7/10/2025 12:00:00 AM
277,1,16319.19,16156.81,7/9/2025 12:00:00 AM
278,1,16318.18,16155.82,7/8/2025 12:00:00 AM
279,1,16285.02,16122.98,7/7/2025 12:00:00 AM
280,1,16290.05,16127.95,7/4/2025 12:00:00 AM
281,1,16317.18,16154.82,7/3/2025 12:00:00 AM
282,1,16272.96,16111.04,7/2/2025 12:00:00 AM
283,1,16312.16,16149.84,7/1/2025 12:00:00 AM
284,1,16314.17,16151.83,6/30/2025 12:00:00 AM
285,1,16373.46,16210.54,6/26/2025 12:00:00 AM
286,1,16451.85,16288.15,6/25/2025 12:00:00 AM
287,1,16566.42,16401.58,6/24/2025 12:00:00 AM
288,1,16480.99,16317,6/23/2025 12:00:00 AM
289,1,16459.89,16296.11,6/20/2025 12:00:00 AM
290,1,16400.6,16237.41,6/19/2025 12:00:00 AM
291,1,16362.41,16199.59,6/18/2025 12:00:00 AM
292,1,16377.48,16214.52,6/17/2025 12:00:00 AM
293,1,16374.47,16211.53,6/16/2025 12:00:00 AM
294,1,16318.18,16155.82,6/13/2025 12:00:00 AM
295,1,16346.33,16183.67,6/12/2025 12:00:00 AM
296,1,16357.38,16194.62,6/11/2025 12:00:00 AM
297,1,16358.39,16195.61,6/10/2025 12:00:00 AM
298,1,16386.53,16223.48,6/5/2025 12:00:00 AM
299,1,16369.44,16206.56,6/4/2025 12:00:00 AM
300,1,16378.49,16215.51,6/3/2025 12:00:00 AM
301,1,16381.5,16218.5,6/2/2025 12:00:00 AM
302,1,16336.27,16173.73,5/28/2025 12:00:00 AM
303,1,16288.03,16125.97,5/27/2025 12:00:00 AM
304,1,16370.44,16207.56,5/26/2025 12:00:00 AM
305,1,16394.56,16231.43,5/23/2025 12:00:00 AM
306,1,16495.06,16330.93,5/22/2025 12:00:00 AM
307,1,16488.03,16323.97,5/21/2025 12:00:00 AM
308,1,16537.28,16372.73,5/20/2025 12:00:00 AM
309,1,16506.12,16341.88,5/19/2025 12:00:00 AM
310,1,16617.67,16452.33,5/16/2025 12:00:00 AM
311,1,16650.84,16485.16,5/15/2025 12:00:00 AM
312,1,16614.66,16449.34,5/14/2025 12:00:00 AM
313,1,16579.49,16414.51,5/9/2025 12:00:00 AM
314,1,16615.67,16450.33,5/8/2025 12:00:00 AM
315,1,16554.36,16389.64,5/7/2025 12:00:00 AM
316,1,16503.1,16338.9,5/6/2025 12:00:00 AM
317,1,16575.47,16410.53,5/5/2025 12:00:00 AM
318,1,16762.4,16595.6,5/2/2025 12:00:00 AM
319,1,16870.94,16703.06,4/30/2025 12:00:00 AM
320,1,16946.31,16777.69,4/29/2025 12:00:00 AM
321,1,16913.15,16744.85,4/28/2025 12:00:00 AM
322,1,16968.42,16799.58,4/25/2025 12:00:00 AM
323,1,16964.4,16795.6,4/24/2025 12:00:00 AM
324,1,16946.31,16777.69,4/23/2025 12:00:00 AM
325,1,16892.04,16723.96,4/22/2025 12:00:00 AM
326,1,16917.17,16748.83,4/21/2025 12:00:00 AM
327,1,16929.22,16760.78,4/17/2025 12:00:00 AM
328,1,16899.08,16730.92,4/16/2025 12:00:00 AM
329,1,16856.87,16689.13,4/15/2025 12:00:00 AM
330,1,16889.03,16720.97,4/14/2025 12:00:00 AM
331,1,16862.9,16695.1,4/11/2025 12:00:00 AM
332,1,17027.72,16858.28,4/10/2025 12:00:00 AM
333,1,16933.24,16764.76,4/9/2025 12:00:00 AM
334,1,16648.83,16483.17,4/8/2025 12:00:00 AM
335,1,16670.94,16505.06,3/27/2025 12:00:00 AM
336,1,16705.11,16538.89,3/26/2025 12:00:00 AM
337,1,16643.81,16478.19,3/25/2025 12:00:00 AM
338,1,16583.51,16418.49,3/24/2025 12:00:00 AM
339,1,16563.4,16398.6,3/21/2025 12:00:00 AM
340,1,16610.64,16445.36,3/20/2025 12:00:00 AM
341,1,16514.16,16349.84,3/19/2025 12:00:00 AM
342,1,16460.9,16297.1,3/18/2025 12:00:00 AM
343,1,16473.96,16310.04,3/17/2025 12:00:00 AM
344,1,16510.14,16345.86,3/14/2025 12:00:00 AM
345,1,16535.26,16370.74,3/13/2025 12:00:00 AM
346,1,16512.15,16347.85,3/12/2025 12:00:00 AM
347,1,16407.63,16244.37,3/11/2025 12:00:00 AM
348,1,16417.68,16254.32,3/10/2025 12:00:00 AM
349,1,16396.58,16233.42,3/7/2025 12:00:00 AM
350,1,16452.85,16289.15,3/6/2025 12:00:00 AM
351,1,16525.22,16360.78,3/5/2025 12:00:00 AM
352,1,16588.53,16423.47,3/4/2025 12:00:00 AM
353,1,16657.88,16492.13,3/3/2025 12:00:00 AM
354,1,16513.15,16348.84,2/28/2025 12:00:00 AM
355,1,16468.94,16305.07,2/27/2025 12:00:00 AM
356,1,16397.58,16234.42,2/26/2025 12:00:00 AM
357,1,16384.51,16221.49,2/25/2025 12:00:00 AM
358,1,16381.5,16218.5,2/24/2025 12:00:00 AM
359,1,16425.72,16262.28,2/21/2025 12:00:00 AM
360,1,16438.78,16275.22,2/20/2025 12:00:00 AM
361,1,16356.38,16193.63,2/19/2025 12:00:00 AM
362,1,16289.04,16126.96,2/18/2025 12:00:00 AM
363,1,16366.42,16203.58,2/17/2025 12:00:00 AM
364,1,16446.83,16283.17,2/14/2025 12:00:00 AM
365,1,16445.82,16282.18,2/13/2025 12:00:00 AM
366,1,16461.9,16298.1,2/12/2025 12:00:00 AM
367,1,16431.75,16268.25,2/11/2025 12:00:00 AM
368,1,16406.63,16243.38,2/10/2025 12:00:00 AM
369,1,16411.65,16248.35,2/7/2025 12:00:00 AM
370,1,16389.54,16226.46,2/6/2025 12:00:00 AM
371,1,16446.83,16283.17,2/5/2025 12:00:00 AM
372,1,16535.26,16370.74,2/4/2025 12:00:00 AM
373,1,16393.56,16230.44,2/3/2025 12:00:00 AM
374,1,16340.3,16177.7,1/31/2025 12:00:00 AM
375,1,16281,16119,1/30/2025 12:00:00 AM
376,1,16357.38,16194.62,1/24/2025 12:00:00 AM
377,1,16408.63,16245.36,1/23/2025 12:00:00 AM
378,1,16412.65,16249.34,1/22/2025 12:00:00 AM
379,1,16453.86,16290.14,1/21/2025 12:00:00 AM
380,1,16454.87,16291.14,1/20/2025 12:00:00 AM
381,1,16459.89,16296.11,1/17/2025 12:00:00 AM
382,1,16392.56,16229.44,1/16/2025 12:00:00 AM
383,1,16346.33,16183.67,1/15/2025 12:00:00 AM
384,1,16362.41,16199.59,1/14/2025 12:00:00 AM
385,1,16274.97,16113.03,1/13/2025 12:00:00 AM
386,1,16319.19,16156.81,1/10/2025 12:00:00 AM
387,1,16282,16120,1/9/2025 12:00:00 AM
388,1,16249.84,16088.16,1/8/2025 12:00:00 AM
389,1,16273.97,16112.03,1/7/2025 12:00:00 AM
390,1,16298.08,16135.92,1/6/2025 12:00:00 AM
391,1,16317.18,16154.82,1/3/2025 12:00:00 AM
392,1,16237.78,16076.22,1/2/2025 12:00:00 AM
393,1,16242.81,16081.19,12/31/2024 12:00:00 AM
394,1,16332.25,16169.75,12/30/2024 12:00:00 AM
395,1,16289.04,16126.96,12/27/2024 12:00:00 AM
396,1,16239.8,16078.2,12/24/2024 12:00:00 AM
397,1,16351.35,16188.65,12/23/2024 12:00:00 AM
398,1,16358.39,16195.61,12/20/2024 12:00:00 AM
399,1,16180.5,16019.5,12/19/2024 12:00:00 AM
400,1,16130.25,15969.75,12/18/2024 12:00:00 AM
401,1,16099.09,15938.91,12/17/2024 12:00:00 AM
402,1,16066.93,15907.07,12/16/2024 12:00:00 AM
403,1,16018.69,15859.31,12/13/2024 12:00:00 AM
404,1,15984.52,15825.48,12/12/2024 12:00:00 AM
405,1,15953.37,15794.63,12/11/2024 12:00:00 AM
406,1,15940.31,15781.69,12/10/2024 12:00:00 AM
407,1,15927.24,15768.76,12/9/2024 12:00:00 AM
408,1,15971.46,15812.54,12/6/2024 12:00:00 AM
409,1,16036.78,15877.22,12/5/2024 12:00:00 AM
410,1,16029.75,15870.25,12/4/2024 12:00:00 AM
411,1,15984.52,15825.48,12/3/2024 12:00:00 AM
412,1,15935.28,15776.72,12/2/2024 12:00:00 AM
413,1,15943.32,15784.68,11/29/2024 12:00:00 AM
414,1,16009.65,15850.35,11/28/2024 12:00:00 AM
415,1,15943.32,15784.68,11/26/2024 12:00:00 AM
416,1,15990.56,15831.44,11/25/2024 12:00:00 AM
417,1,16021.71,15862.29,11/22/2024 12:00:00 AM
418,1,15937.29,15778.71,11/21/2024 12:00:00 AM
419,1,15895.08,15736.92,11/20/2024 12:00:00 AM
420,1,15927.24,15768.76,11/19/2024 12:00:00 AM
421,1,15967.44,15808.56,11/18/2024 12:00:00 AM
422,1,15952.36,15793.64,11/15/2024 12:00:00 AM
423,1,15860.91,15703.09,11/14/2024 12:00:00 AM
424,1,15849.85,15692.15,11/13/2024 12:00:00 AM
425,1,15755.39,15598.61,11/12/2024 12:00:00 AM
426,1,15749.35,15592.65,11/11/2024 12:00:00 AM
427,1,15845.83,15688.17,11/8/2024 12:00:00 AM
428,1,15919.2,15760.8,11/7/2024 12:00:00 AM
429,1,15844.83,15687.17,11/6/2024 12:00:00 AM
430,1,15829.75,15672.25,11/5/2024 12:00:00 AM
431,1,15801.61,15644.39,11/4/2024 12:00:00 AM
432,1,15783.52,15626.48,11/1/2024 12:00:00 AM
433,1,15810.66,15653.34,10/31/2024 12:00:00 AM
434,1,15838.8,15681.2,10/30/2024 12:00:00 AM
435,1,15807.65,15650.35,10/29/2024 12:00:00 AM
436,1,15707.15,15550.85,10/28/2024 12:00:00 AM
437,1,15670.97,15515.03,10/25/2024 12:00:00 AM
438,1,15698.1,15541.9,10/24/2024 12:00:00 AM
439,1,15637.8,15482.2,10/23/2024 12:00:00 AM
440,1,15542.33,15387.67,10/22/2024 12:00:00 AM
441,1,15543.33,15388.67,10/21/2024 12:00:00 AM
442,1,15593.58,15438.42,10/18/2024 12:00:00 AM
443,1,15613.68,15458.32,10/17/2024 12:00:00 AM
444,1,15632.77,15477.23,10/16/2024 12:00:00 AM
445,1,15658.91,15503.09,10/15/2024 12:00:00 AM
446,1,15687.05,15530.95,10/14/2024 12:00:00 AM
447,1,15736.29,15579.71,10/11/2024 12:00:00 AM
448,1,15685.03,15528.97,10/10/2024 12:00:00 AM
449,1,15749.35,15592.65,10/9/2024 12:00:00 AM
450,1,15758.4,15601.6,10/8/2024 12:00:00 AM
451,1,15572.48,15417.52,10/7/2024 12:00:00 AM
452,1,15470.97,15317.03,10/4/2024 12:00:00 AM
453,1,15323.24,15170.76,10/3/2024 12:00:00 AM
454,1,15280.02,15127.98,10/2/2024 12:00:00 AM
455,1,15219.72,15068.28,10/1/2024 12:00:00 AM
456,1,15213.69,15062.31,9/30/2024 12:00:00 AM
457,1,15246.85,15095.15,9/27/2024 12:00:00 AM
458,1,15167.46,15016.54,9/26/2024 12:00:00 AM
459,1,15261.93,15110.07,9/25/2024 12:00:00 AM
460,1,15266.95,15115.05,9/24/2024 12:00:00 AM
461,1,15175.5,15024.5,9/23/2024 12:00:00 AM
462,1,15363.43,15210.57,9/20/2024 12:00:00 AM
463,1,15426.75,15273.25,9/19/2024 12:00:00 AM
464,1,15414.69,15261.31,9/18/2024 12:00:00 AM
465,1,15482.02,15327.98,9/17/2024 12:00:00 AM
466,1,15498.1,15343.9,9/13/2024 12:00:00 AM
467,1,15492.08,15337.92,9/12/2024 12:00:00 AM
468,1,15524.24,15369.76,9/11/2024 12:00:00 AM
469,1,15523.23,15368.77,9/10/2024 12:00:00 AM
470,1,15448.86,15295.14,9/9/2024 12:00:00 AM
471,1,15487.05,15332.95,9/6/2024 12:00:00 AM
472,1,15567.45,15412.55,9/5/2024 12:00:00 AM
473,1,15634.78,15479.22,9/4/2024 12:00:00 AM
474,1,15613.68,15458.32,9/3/2024 12:00:00 AM
475,1,15550.36,15395.64,9/2/2024 12:00:00 AM
476,1,15486.05,15331.95,8/30/2024 12:00:00 AM
477,1,15553.38,15398.62,8/29/2024 12:00:00 AM
478,1,15586.55,15431.45,8/28/2024 12:00:00 AM
479,1,15456.9,15303.1,8/27/2024 12:00:00 AM
480,1,15631.77,15476.23,8/26/2024 12:00:00 AM
481,1,15656.9,15501.1,8/23/2024 12:00:00 AM
482,1,15533.28,15378.72,8/22/2024 12:00:00 AM
483,1,15557.4,15402.6,8/21/2024 12:00:00 AM
484,1,15668.95,15513.05,8/20/2024 12:00:00 AM
485,1,15794.58,15637.42,8/19/2024 12:00:00 AM
486,1,15765.43,15608.57,8/16/2024 12:00:00 AM
487,1,15769.45,15612.55,8/15/2024 12:00:00 AM
488,1,15964.42,15805.58,8/14/2024 12:00:00 AM
489,1,16042.82,15883.18,8/13/2024 12:00:00 AM
490,1,15993.57,15834.43,8/12/2024 12:00:00 AM
491,1,16031.76,15872.24,8/9/2024 12:00:00 AM
492,1,16180.5,16019.5,8/8/2024 12:00:00 AM
493,1,16263.92,16102.08,8/7/2024 12:00:00 AM
494,1,16234.77,16073.23,8/6/2024 12:00:00 AM
495,1,16315.17,16152.83,8/5/2024 12:00:00 AM
496,1,16324.22,16161.78,8/2/2024 12:00:00 AM
497,1,16375.47,16212.53,8/1/2024 12:00:00 AM
498,1,16401.6,16238.4,7/31/2024 12:00:00 AM
499,1,16367.43,16204.57,7/30/2024 12:00:00 AM
500,1,16375.47,16212.53,7/29/2024 12:00:00 AM
501,1,16349.34,16186.66,7/26/2024 12:00:00 AM
502,1,16305.12,16142.88,7/25/2024 12:00:00 AM
503,1,16285.02,16122.98,7/24/2024 12:00:00 AM
504,1,16309.14,16146.86,7/23/2024 12:00:00 AM
505,1,16280,16118,7/22/2024 12:00:00 AM
506,1,16240.8,16079.2,7/19/2024 12:00:00 AM
507,1,16209.65,16048.35,7/18/2024 12:00:00 AM
508,1,16284.01,16121.99,7/17/2024 12:00:00 AM
509,1,16254.87,16093.13,7/16/2024 12:00:00 AM
510,1,16234.77,16073.23,7/15/2024 12:00:00 AM
511,1,16281,16119,7/12/2024 12:00:00 AM
512,1,16337.28,16174.72,7/11/2024 12:00:00 AM
513,1,16362.41,16199.59,7/10/2024 12:00:00 AM
514,1,16346.33,16183.67,7/9/2024 12:00:00 AM
515,1,16393.56,16230.44,7/8/2024 12:00:00 AM
516,1,16422.71,16259.3,7/5/2024 12:00:00 AM
517,1,16468.94,16305.07,7/4/2024 12:00:00 AM
518,1,16465.92,16302.08,7/3/2024 12:00:00 AM
519,1,16436.78,16273.23,7/2/2024 12:00:00 AM
520,1,16475.97,16312.03,7/1/2024 12:00:00 AM
521,1,16503.1,16338.9,6/28/2024 12:00:00 AM
522,1,16517.17,16352.83,6/27/2024 12:00:00 AM
523,1,16460.9,16297.1,6/26/2024 12:00:00 AM
524,1,16513.15,16348.84,6/25/2024 12:00:00 AM
525,1,16540.29,16375.71,6/24/2024 12:00:00 AM
526,1,16502.1,16337.9,6/21/2024 12:00:00 AM
527,1,16449.84,16286.16,6/20/2024 12:00:00 AM
528,1,16455.87,16292.13,6/19/2024 12:00:00 AM
529,1,16367.43,16204.57,6/14/2024 12:00:00 AM
530,1,16378.49,16215.51,6/13/2024 12:00:00 AM
531,1,16376.48,16213.52,6/12/2024 12:00:00 AM
532,1,16371.45,16208.55,6/11/2024 12:00:00 AM
533,1,16299.09,16136.91,6/10/2024 12:00:00 AM
534,1,16360.4,16197.6,6/7/2024 12:00:00 AM
535,1,16363.41,16200.59,6/6/2024 12:00:00 AM
536,1,16301.1,16138.9,6/5/2024 12:00:00 AM
537,1,16306.13,16143.88,6/4/2024 12:00:00 AM
538,1,16332.25,16169.75,6/3/2024 12:00:00 AM
539,1,16334.26,16171.74,5/31/2024 12:00:00 AM
540,1,16240.8,16079.2,5/30/2024 12:00:00 AM
541,1,16175.48,16014.52,5/29/2024 12:00:00 AM
542,1,16144.32,15983.68,5/28/2024 12:00:00 AM
543,1,16074.98,15915.02,5/27/2024 12:00:00 AM
544,1,16104.12,15943.88,5/22/2024 12:00:00 AM
545,1,16059.9,15900.1,5/21/2024 12:00:00 AM
546,1,16057.89,15898.11,5/20/2024 12:00:00 AM
547,1,16023.72,15864.28,5/17/2024 12:00:00 AM
548,1,16150.35,15989.65,5/16/2024 12:00:00 AM
549,1,16211.66,16050.34,5/15/2024 12:00:00 AM
550,1,16165.42,16004.58,5/14/2024 12:00:00 AM
551,1,16161.41,16000.59,5/13/2024 12:00:00 AM
552,1,16134.27,15973.73,5/8/2024 12:00:00 AM
553,1,16105.13,15944.88,5/7/2024 12:00:00 AM
554,1,16174.47,16013.53,5/6/2024 12:00:00 AM
555,1,16283.01,16120.99,5/3/2024 12:00:00 AM
556,1,16357.38,16194.62,5/2/2024 12:00:00 AM
557,1,16330.25,16167.75,4/30/2024 12:00:00 AM
558,1,16303.11,16140.89,4/29/2024 12:00:00 AM
559,1,16289.04,16126.96,4/26/2024 12:00:00 AM
560,1,16241.81,16080.19,4/25/2024 12:00:00 AM
561,1,16325.22,16162.78,4/24/2024 12:00:00 AM
562,1,16305.12,16142.88,4/23/2024 12:00:00 AM
563,1,16361.4,16198.6,4/22/2024 12:00:00 AM
564,1,16257.89,16096.11,4/19/2024 12:00:00 AM
565,1,16321.2,16158.8,4/18/2024 12:00:00 AM
566,1,16256.88,16095.12,4/17/2024 12:00:00 AM
567,1,15952.36,15793.64,4/16/2024 12:00:00 AM
568,1,15986.53,15827.47,4/5/2024 12:00:00 AM
569,1,16002.61,15843.39,4/4/2024 12:00:00 AM
570,1,16013.67,15854.33,4/3/2024 12:00:00 AM
571,1,15988.55,15829.45,4/2/2024 12:00:00 AM
572,1,15952.36,15793.64,4/1/2024 12:00:00 AM
573,1,15932.26,15773.74,3/28/2024 12:00:00 AM
574,1,15875.99,15718.01,3/27/2024 12:00:00 AM
575,1,15873.98,15716.02,3/26/2024 12:00:00 AM
576,1,15851.86,15694.14,3/25/2024 12:00:00 AM
577,1,15740.31,15583.69,3/22/2024 12:00:00 AM
578,1,15805.64,15648.36,3/21/2024 12:00:00 AM
579,1,15790.56,15633.44,3/20/2024 12:00:00 AM
580,1,15750.36,15593.64,3/19/2024 12:00:00 AM
581,1,15702.12,15545.88,3/18/2024 12:00:00 AM
582,1,15659.91,15504.09,3/15/2024 12:00:00 AM
583,1,15653.88,15498.12,3/14/2024 12:00:00 AM
584,1,15681.01,15524.99,3/13/2024 12:00:00 AM
585,1,15736.29,15579.71,3/8/2024 12:00:00 AM
586,1,15801.61,15644.39,3/7/2024 12:00:00 AM
587,1,15834.78,15677.22,3/6/2024 12:00:00 AM
588,1,15801.61,15644.39,3/5/2024 12:00:00 AM
589,1,15774.48,15617.52,3/4/2024 12:00:00 AM
590,1,15793.58,15636.42,3/1/2024 12:00:00 AM
591,1,15751.36,15594.64,2/29/2024 12:00:00 AM
592,1,15733.27,15576.73,2/28/2024 12:00:00 AM
593,1,15713.17,15556.83,2/27/2024 12:00:00 AM
594,1,15666.94,15511.06,2/26/2024 12:00:00 AM
595,1,15708.15,15551.85,2/23/2024 12:00:00 AM
596,1,15736.29,15579.71,2/22/2024 12:00:00 AM
597,1,15737.3,15580.7,2/21/2024 12:00:00 AM
598,1,15708.15,15551.85,2/20/2024 12:00:00 AM
599,1,15732.27,15575.73,2/19/2024 12:00:00 AM
600,1,15684.03,15527.97,2/16/2024 12:00:00 AM
601,1,15662.92,15507.08,2/15/2024 12:00:00 AM
602,1,15690.06,15533.94,2/13/2024 12:00:00 AM
603,1,15763.42,15606.58,2/12/2024 12:00:00 AM
604,1,15812.67,15655.33,2/7/2024 12:00:00 AM
605,1,15783.52,15626.48,2/6/2024 12:00:00 AM
606,1,15766.44,15609.56,2/5/2024 12:00:00 AM
607,1,15853.88,15696.13,2/2/2024 12:00:00 AM
608,1,15882.01,15723.99,2/1/2024 12:00:00 AM
609,1,15874.98,15717.02,1/31/2024 12:00:00 AM
610,1,15904.13,15745.88,1/30/2024 12:00:00 AM
611,1,15908.15,15749.85,1/29/2024 12:00:00 AM
612,1,15845.83,15688.17,1/26/2024 12:00:00 AM
613,1,15797.59,15640.41,1/25/2024 12:00:00 AM
614,1,15734.28,15577.72,1/24/2024 12:00:00 AM
615,1,15705.14,15548.86,1/23/2024 12:00:00 AM
616,1,15706.14,15549.86,1/22/2024 12:00:00 AM
617,1,15708.15,15551.85,1/19/2024 12:00:00 AM
618,1,15717.19,15560.81,1/18/2024 12:00:00 AM
619,1,15669.96,15514.04,1/17/2024 12:00:00 AM
620,1,15632.77,15477.23,1/16/2024 12:00:00 AM
621,1,15636.8,15481.2,1/15/2024 12:00:00 AM
622,1,15635.79,15480.21,1/12/2024 12:00:00 AM
623,1,15645.84,15490.16,1/11/2024 12:00:00 AM
624,1,15595.59,15440.41,1/10/2024 12:00:00 AM
625,1,15599.61,15444.39,1/9/2024 12:00:00 AM
626,1,15595.59,15440.41,1/8/2024 12:00:00 AM
627,1,15602.63,15447.38,1/5/2024 12:00:00 AM
628,1,15572.48,15417.52,1/4/2024 12:00:00 AM
629,1,15550.36,15395.64,1/3/2024 12:00:00 AM
630,1,15516.19,15361.81,1/2/2024 12:00:00 AM
631,1,15493.08,15338.92,12/29/2023 12:00:00 AM
632,1,15491.07,15336.93,12/28/2023 12:00:00 AM
633,1,15566.44,15411.56,12/27/2023 12:00:00 AM
634,1,15610.67,15455.33,12/22/2023 12:00:00 AM
635,1,15589.56,15434.44,12/21/2023 12:00:00 AM
636,1,15583.53,15428.47,12/20/2023 12:00:00 AM
637,1,15593.58,15438.42,12/19/2023 12:00:00 AM
638,1,15580.51,15425.49,12/18/2023 12:00:00 AM
639,1,15570.47,15415.53,12/15/2023 12:00:00 AM
640,1,15707.15,15550.85,12/14/2023 12:00:00 AM
641,1,15709.16,15552.84,12/13/2023 12:00:00 AM
642,1,15692.07,15535.93,12/12/2023 12:00:00 AM
643,1,15577.5,15422.5,12/11/2023 12:00:00 AM
644,1,15613.68,15458.32,12/8/2023 12:00:00 AM
645,1,15581.52,15426.48,12/7/2023 12:00:00 AM
646,1,15581.52,15426.48,12/6/2023 12:00:00 AM
647,1,15523.23,15368.77,12/5/2023 12:00:00 AM
648,1,15601.62,15446.38,12/4/2023 12:00:00 AM
649,1,15561.42,15406.58,12/1/2023 12:00:00 AM
650,1,15460.92,15307.08,11/30/2023 12:00:00 AM
651,1,15527.25,15372.75,11/29/2023 12:00:00 AM
652,1,15604.64,15449.36,11/28/2023 12:00:00 AM
653,1,15664.93,15509.07,11/27/2023 12:00:00 AM
654,1,15670.97,15515.03,11/24/2023 12:00:00 AM
655,1,15661.92,15506.08,11/23/2023 12:00:00 AM
656,1,15513.18,15358.82,11/22/2023 12:00:00 AM
657,1,15496.09,15341.91,11/21/2023 12:00:00 AM
658,1,15581.52,15426.48,11/20/2023 12:00:00 AM
659,1,15672.98,15517.02,11/17/2023 12:00:00 AM
660,1,15580.51,15425.49,11/16/2023 12:00:00 AM
661,1,15777.5,15620.5,11/15/2023 12:00:00 AM
662,1,15791.57,15634.43,11/14/2023 12:00:00 AM
663,1,15771.47,15614.53,11/13/2023 12:00:00 AM
664,1,15727.25,15570.75,11/10/2023 12:00:00 AM
665,1,15707.15,15550.85,11/9/2023 12:00:00 AM
666,1,15670.97,15515.03,11/8/2023 12:00:00 AM
667,1,15627.75,15472.25,11/7/2023 12:00:00 AM
668,1,15849.85,15692.15,11/6/2023 12:00:00 AM
669,1,15940.31,15781.69,11/3/2023 12:00:00 AM
670,1,16025.73,15866.27,11/2/2023 12:00:00 AM
671,1,15976.49,15817.51,11/1/2023 12:00:00 AM
672,1,15995.58,15836.42,10/31/2023 12:00:00 AM
673,1,16020.7,15861.3,10/30/2023 12:00:00 AM
674,1,16012.67,15853.33,10/27/2023 12:00:00 AM
675,1,15950.35,15791.65,10/26/2023 12:00:00 AM
676,1,15948.34,15789.66,10/25/2023 12:00:00 AM
677,1,16022.72,15863.28,10/24/2023 12:00:00 AM
678,1,15935.28,15776.72,10/23/2023 12:00:00 AM
679,1,15917.19,15758.81,10/20/2023 12:00:00 AM
680,1,15809.66,15652.34,10/19/2023 12:00:00 AM
681,1,15796.59,15639.41,10/18/2023 12:00:00 AM
682,1,15794.58,15637.42,10/17/2023 12:00:00 AM
683,1,15787.55,15630.45,10/16/2023 12:00:00 AM
684,1,15780.51,15623.49,10/13/2023 12:00:00 AM
685,1,15788.55,15631.45,10/12/2023 12:00:00 AM
686,1,15786.54,15629.46,10/11/2023 12:00:00 AM
687,1,15753.38,15596.63,10/10/2023 12:00:00 AM
688,1,15706.14,15549.86,10/9/2023 12:00:00 AM
689,1,15679,15523,10/6/2023 12:00:00 AM
690,1,15714.18,15557.82,10/5/2023 12:00:00 AM
691,1,15678,15522,10/4/2023 12:00:00 AM
692,1,15596.59,15441.41,10/3/2023 12:00:00 AM
693,1,15564.43,15409.57,10/2/2023 12:00:00 AM
694,1,15603.63,15448.37,9/29/2023 12:00:00 AM
695,1,15541.32,15386.68,9/27/2023 12:00:00 AM
696,1,15476,15322,9/26/2023 12:00:00 AM
697,1,15459.92,15306.08,9/25/2023 12:00:00 AM
698,1,15473.99,15320.01,9/22/2023 12:00:00 AM
699,1,15472.98,15319.02,9/21/2023 12:00:00 AM
700,1,15457.91,15304.09,9/20/2023 12:00:00 AM
701,1,15449.86,15296.14,9/19/2023 12:00:00 AM
702,1,15443.83,15290.17,9/18/2023 12:00:00 AM
703,1,15433.78,15280.22,9/15/2023 12:00:00 AM
704,1,15443.83,15290.17,9/14/2023 12:00:00 AM
705,1,15420.72,15267.28,9/13/2023 12:00:00 AM
706,1,15428.76,15275.24,9/12/2023 12:00:00 AM
707,1,15417.7,15264.3,9/11/2023 12:00:00 AM
708,1,15410.67,15257.33,9/8/2023 12:00:00 AM
709,1,15383.53,15230.47,9/7/2023 12:00:00 AM
710,1,15336.3,15183.7,9/6/2023 12:00:00 AM
711,1,15323.24,15170.76,9/5/2023 12:00:00 AM
712,1,15328.26,15175.74,9/4/2023 12:00:00 AM
713,1,15313.18,15160.82,9/1/2023 12:00:00 AM
714,1,15315.19,15162.81,8/31/2023 12:00:00 AM
715,1,15339.32,15186.68,8/30/2023 12:00:00 AM
716,1,15370.47,15217.53,8/29/2023 12:00:00 AM
717,1,15373.49,15220.51,8/28/2023 12:00:00 AM
718,1,15329.26,15176.74,8/25/2023 12:00:00 AM
719,1,15395.59,15242.41,8/24/2023 12:00:00 AM
720,1,15402.63,15249.37,8/23/2023 12:00:00 AM
721,1,15405.65,15252.35,8/22/2023 12:00:00 AM
722,1,15384.54,15231.46,8/21/2023 12:00:00 AM
723,1,15384.54,15231.46,8/18/2023 12:00:00 AM
724,1,15422.73,15269.27,8/16/2023 12:00:00 AM
725,1,15399.61,15246.39,8/15/2023 12:00:00 AM
726,1,15301.13,15148.88,8/14/2023 12:00:00 AM
727,1,15280.02,15127.98,8/11/2023 12:00:00 AM
728,1,15282.03,15129.97,8/10/2023 12:00:00 AM
729,1,15305.15,15152.85,8/9/2023 12:00:00 AM
730,1,15253.89,15102.11,8/8/2023 12:00:00 AM
731,1,15243.84,15092.16,8/7/2023 12:00:00 AM
732,1,15273.99,15122.01,8/4/2023 12:00:00 AM
733,1,15246.85,15095.15,8/3/2023 12:00:00 AM
734,1,15192.58,15041.42,8/2/2023 12:00:00 AM
735,1,15167.46,15016.54,8/1/2023 12:00:00 AM
736,1,15158.42,15007.58,7/31/2023 12:00:00 AM
737,1,15078.01,14927.99,7/28/2023 12:00:00 AM
738,1,15107.16,14956.84,7/27/2023 12:00:00 AM
739,1,15082.03,14931.97,7/26/2023 12:00:00 AM
740,1,15103.14,14952.86,7/25/2023 12:00:00 AM
741,1,15101.13,14950.87,7/24/2023 12:00:00 AM
742,1,15065.95,14916.05,7/21/2023 12:00:00 AM
743,1,15068.97,14919.03,7/20/2023 12:00:00 AM
744,1,15082.03,14931.97,7/18/2023 12:00:00 AM
745,1,15019.73,14870.27,7/17/2023 12:00:00 AM
746,1,15052.89,14903.11,7/14/2023 12:00:00 AM
747,1,15159.42,15008.58,7/13/2023 12:00:00 AM
748,1,15237.81,15086.19,7/12/2023 12:00:00 AM
749,1,15267.96,15116.04,7/11/2023 12:00:00 AM
750,1,15211.68,15060.32,7/10/2023 12:00:00 AM
751,1,15137.31,14986.69,7/7/2023 12:00:00 AM
752,1,15088.07,14937.93,7/6/2023 12:00:00 AM
753,1,15093.09,14942.91,7/5/2023 12:00:00 AM
754,1,15109.17,14958.83,7/4/2023 12:00:00 AM
755,1,15075,14925,7/3/2023 12:00:00 AM
756,1,15101.13,14950.87,6/27/2023 12:00:00 AM
757,1,15072.99,14923.01,6/26/2023 12:00:00 AM
758,1,14992.59,14843.41,6/23/2023 12:00:00 AM
759,1,15056.91,14907.09,6/22/2023 12:00:00 AM
760,1,15115.2,14964.8,6/21/2023 12:00:00 AM
761,1,15068.97,14919.03,6/20/2023 12:00:00 AM
762,1,15019.73,14870.27,6/19/2023 12:00:00 AM
763,1,15017.72,14868.28,6/16/2023 12:00:00 AM
764,1,14969.48,14820.52,6/15/2023 12:00:00 AM
765,1,14942.34,14793.66,6/14/2023 12:00:00 AM
766,1,14948.37,14799.63,6/13/2023 12:00:00 AM
767,1,14927.26,14778.74,6/12/2023 12:00:00 AM
768,1,14977.51,14828.49,6/9/2023 12:00:00 AM
769,1,14949.38,14800.63,6/8/2023 12:00:00 AM
770,1,14913.19,14764.81,6/7/2023 12:00:00 AM
771,1,14962.44,14813.56,6/6/2023 12:00:00 AM
772,1,15078.01,14927.99,6/5/2023 12:00:00 AM
773,1,15043.84,14894.16,5/31/2023 12:00:00 AM
774,1,15047.86,14898.14,5/30/2023 12:00:00 AM
775,1,15033.8,14884.2,5/29/2023 12:00:00 AM
776,1,15026.76,14877.24,5/26/2023 12:00:00 AM
777,1,14979.52,14830.48,5/25/2023 12:00:00 AM
778,1,14952.39,14803.61,5/24/2023 12:00:00 AM
779,1,14971.49,14822.51,5/23/2023 12:00:00 AM
780,1,15010.68,14861.32,5/22/2023 12:00:00 AM
781,1,14949.38,14800.63,5/19/2023 12:00:00 AM
782,1,14884.05,14735.95,5/17/2023 12:00:00 AM
783,1,14886.06,14737.94,5/16/2023 12:00:00 AM
784,1,14825.76,14678.24,5/15/2023 12:00:00 AM
785,1,14795.61,14648.39,5/12/2023 12:00:00 AM
786,1,14819.73,14672.27,5/11/2023 12:00:00 AM
787,1,14830.78,14683.22,5/10/2023 12:00:00 AM
788,1,14782.55,14635.45,5/9/2023 12:00:00 AM
789,1,14747.37,14600.63,5/8/2023 12:00:00 AM
790,1,14705.16,14558.84,5/5/2023 12:00:00 AM
791,1,14779.53,14632.47,5/4/2023 12:00:00 AM
792,1,14776.51,14629.49,5/3/2023 12:00:00 AM
793,1,14734.31,14587.69,5/2/2023 12:00:00 AM
794,1,14824.75,14677.25,4/28/2023 12:00:00 AM
795,1,14956.41,14807.59,4/27/2023 12:00:00 AM
796,1,14929.27,14780.73,4/26/2023 12:00:00 AM
797,1,14846.86,14699.14,4/18/2023 12:00:00 AM
798,1,14739.33,14592.67,4/17/2023 12:00:00 AM
799,1,14865.96,14718.04,4/14/2023 12:00:00 AM
800,1,14940.33,14791.67,4/13/2023 12:00:00 AM
801,1,14962.44,14813.56,4/12/2023 12:00:00 AM
802,1,14979.52,14830.48,4/11/2023 12:00:00 AM
803,1,15017.72,14868.28,4/10/2023 12:00:00 AM
804,1,15007.67,14858.33,4/6/2023 12:00:00 AM
805,1,14987.57,14838.43,4/5/2023 12:00:00 AM
806,1,15064.95,14915.05,4/4/2023 12:00:00 AM
807,1,15051.89,14902.11,4/3/2023 12:00:00 AM
808,1,15137.31,14986.69,3/31/2023 12:00:00 AM
809,1,15169.47,15018.53,3/30/2023 12:00:00 AM
810,1,15163.44,15012.56,3/29/2023 12:00:00 AM
811,1,15249.87,15098.13,3/28/2023 12:00:00 AM
812,1,15264.94,15113.06,3/27/2023 12:00:00 AM
813,1,15425.75,15272.25,3/24/2023 12:00:00 AM
814,1,15448.86,15295.14,3/21/2023 12:00:00 AM
815,1,15440.82,15287.18,3/20/2023 12:00:00 AM
816,1,15495.09,15340.91,3/17/2023 12:00:00 AM
817,1,15441.83,15288.17,3/16/2023 12:00:00 AM
818,1,15456.9,15303.1,3/15/2023 12:00:00 AM
819,1,15450.87,15297.13,3/14/2023 12:00:00 AM
820,1,15545.34,15390.66,3/13/2023 12:00:00 AM
821,1,15515.19,15360.81,3/10/2023 12:00:00 AM
822,1,15528.25,15373.75,3/9/2023 12:00:00 AM
823,1,15435.8,15282.2,3/8/2023 12:00:00 AM
824,1,15377.5,15224.5,3/7/2023 12:00:00 AM
825,1,15382.53,15229.47,3/6/2023 12:00:00 AM
826,1,15349.36,15196.64,3/3/2023 12:00:00 AM
827,1,15326.25,15173.75,3/2/2023 12:00:00 AM
828,1,15316.2,15163.8,3/1/2023 12:00:00 AM
829,1,15350.37,15197.63,2/28/2023 12:00:00 AM
830,1,15292.08,15139.92,2/27/2023 12:00:00 AM
831,1,15262.93,15111.07,2/24/2023 12:00:00 AM
832,1,15294.09,15141.91,2/23/2023 12:00:00 AM
833,1,15254.9,15103.1,2/22/2023 12:00:00 AM
834,1,15243.84,15092.16,2/21/2023 12:00:00 AM
835,1,15275,15123,2/20/2023 12:00:00 AM
836,1,15251.88,15100.12,2/17/2023 12:00:00 AM
837,1,15269.97,15118.03,2/16/2023 12:00:00 AM
838,1,15243.84,15092.16,2/15/2023 12:00:00 AM
839,1,15292.08,15139.92,2/14/2023 12:00:00 AM
840,1,15215.7,15064.3,2/13/2023 12:00:00 AM
841,1,15195.6,15044.4,2/10/2023 12:00:00 AM
842,1,15197.61,15046.39,2/9/2023 12:00:00 AM
843,1,15214.69,15063.31,2/8/2023 12:00:00 AM
844,1,15130.27,14979.73,2/7/2023 12:00:00 AM
845,1,14972.49,14823.51,2/6/2023 12:00:00 AM
846,1,14942.34,14793.66,2/3/2023 12:00:00 AM
847,1,15065.95,14916.05,2/2/2023 12:00:00 AM
848,1,15066.96,14917.04,2/1/2023 12:00:00 AM
849,1,15053.9,14904.1,1/31/2023 12:00:00 AM
850,1,15052.89,14903.11,1/30/2023 12:00:00 AM
851,1,15038.82,14889.18,1/27/2023 12:00:00 AM
852,1,15032.79,14883.21,1/26/2023 12:00:00 AM
853,1,15004.65,14855.35,1/25/2023 12:00:00 AM
854,1,15196.6,15045.4,1/24/2023 12:00:00 AM
855,1,15188.57,15037.43,1/20/2023 12:00:00 AM
856,1,15212.68,15061.32,1/19/2023 12:00:00 AM
857,1,15229.77,15078.23,1/18/2023 12:00:00 AM
858,1,15094.09,14943.91,1/17/2023 12:00:00 AM
859,1,15252.89,15101.11,1/16/2023 12:00:00 AM
860,1,15442.83,15289.17,1/13/2023 12:00:00 AM
861,1,15604.64,15449.36,1/12/2023 12:00:00 AM
862,1,15666.94,15511.06,1/11/2023 12:00:00 AM
863,1,15651.87,15496.13,1/10/2023 12:00:00 AM
864,1,15713.17,15556.83,1/9/2023 12:00:00 AM
865,1,15688.05,15531.95,1/6/2023 12:00:00 AM
866,1,15693.08,15536.92,1/5/2023 12:00:00 AM
867,1,15667.95,15512.05,1/4/2023 12:00:00 AM
868,1,15649.86,15494.14,1/3/2023 12:00:00 AM
869,1,15669.96,15514.04,1/2/2023 12:00:00 AM
870,1,15809.66,15652.34,12/30/2022 12:00:00 AM
871,1,15781.51,15624.49,12/29/2022 12:00:00 AM
872,1,15737.3,15580.7,12/28/2022 12:00:00 AM
873,1,15714.18,15557.82,12/27/2022 12:00:00 AM
874,1,15683.02,15526.98,12/26/2022 12:00:00 AM
875,1,15671.97,15516.03,12/23/2022 12:00:00 AM
876,1,15679,15523,12/22/2022 12:00:00 AM
877,1,15686.04,15529.96,12/21/2022 12:00:00 AM
878,1,15699.1,15542.9,12/20/2022 12:00:00 AM
879,1,15695.08,15538.92,12/19/2022 12:00:00 AM
880,1,15708.15,15551.85,12/16/2022 12:00:00 AM
881,1,15697.09,15540.91,12/15/2022 12:00:00 AM
882,1,15739.31,15582.69,12/14/2022 12:00:00 AM
883,1,15720.21,15563.79,12/13/2022 12:00:00 AM
884,1,15664.93,15509.07,12/12/2022 12:00:00 AM
885,1,15702.12,15545.88,12/9/2022 12:00:00 AM
886,1,15697.09,15540.91,12/8/2022 12:00:00 AM
887,1,15653.88,15498.12,12/7/2022 12:00:00 AM
888,1,15486.05,15331.95,12/6/2022 12:00:00 AM
889,1,15506.15,15351.85,12/5/2022 12:00:00 AM
890,1,15695.08,15538.92,12/2/2022 12:00:00 AM
891,1,15820.71,15663.29,12/1/2022 12:00:00 AM
892,1,15815.68,15658.32,11/30/2022 12:00:00 AM
893,1,15807.65,15650.35,11/29/2022 12:00:00 AM
894,1,15746.34,15589.66,11/28/2022 12:00:00 AM
895,1,15725.24,15568.76,11/25/2022 12:00:00 AM
896,1,15778.5,15621.5,11/24/2022 12:00:00 AM
897,1,15794.58,15637.42,11/23/2022 12:00:00 AM
898,1,15785.53,15628.47,11/22/2022 12:00:00 AM
899,1,15770.46,15613.54,11/21/2022 12:00:00 AM
900,1,15765.43,15608.57,11/18/2022 12:00:00 AM
901,1,15688.05,15531.95,11/17/2022 12:00:00 AM
902,1,15641.82,15486.18,11/16/2022 12:00:00 AM
903,1,15576.5,15421.5,11/15/2022 12:00:00 AM
904,1,15570.47,15415.53,11/14/2022 12:00:00 AM
905,1,15779.5,15622.5,11/11/2022 12:00:00 AM
906,1,15732.27,15575.73,11/10/2022 12:00:00 AM
907,1,15762.42,15605.58,11/9/2022 12:00:00 AM
908,1,15770.46,15613.54,11/8/2022 12:00:00 AM
909,1,15814.68,15657.32,11/7/2022 12:00:00 AM
910,1,15759.41,15602.59,11/4/2022 12:00:00 AM
911,1,15730.26,15573.74,11/3/2022 12:00:00 AM
912,1,15725.24,15568.76,11/2/2022 12:00:00 AM
913,1,15673.98,15518.02,11/1/2022 12:00:00 AM
914,1,15619.71,15464.29,10/31/2022 12:00:00 AM
915,1,15650.86,15495.14,10/28/2022 12:00:00 AM
916,1,15673.98,15518.02,10/27/2022 12:00:00 AM
917,1,15694.08,15537.92,10/26/2022 12:00:00 AM
918,1,15667.95,15512.05,10/25/2022 12:00:00 AM
919,1,15688.05,15531.95,10/24/2022 12:00:00 AM
920,1,15656.9,15501.1,10/21/2022 12:00:00 AM
921,1,15568.45,15413.55,10/20/2022 12:00:00 AM
922,1,15546.34,15391.66,10/19/2022 12:00:00 AM
923,1,15557.4,15402.6,10/18/2022 12:00:00 AM
924,1,15466.95,15313.05,10/17/2022 12:00:00 AM
925,1,15433.78,15280.22,10/14/2022 12:00:00 AM
926,1,15449.86,15296.14,10/13/2022 12:00:00 AM
927,1,15438.81,15285.19,10/12/2022 12:00:00 AM
928,1,15375.5,15222.5,10/11/2022 12:00:00 AM
929,1,15322.23,15169.77,10/10/2022 12:00:00 AM
930,1,15272.99,15121.01,10/7/2022 12:00:00 AM
931,1,15271.98,15120.02,10/6/2022 12:00:00 AM
932,1,15352.38,15199.62,10/5/2022 12:00:00 AM
933,1,15369.47,15216.53,10/4/2022 12:00:00 AM
934,1,15308.16,15155.84,10/3/2022 12:00:00 AM
935,1,15323.24,15170.76,9/30/2022 12:00:00 AM
936,1,15319.22,15166.78,9/29/2022 12:00:00 AM
937,1,15230.77,15079.23,9/28/2022 12:00:00 AM
938,1,15194.59,15043.41,9/27/2022 12:00:00 AM
939,1,15110.17,14959.83,9/26/2022 12:00:00 AM
940,1,15108.17,14957.83,9/23/2022 12:00:00 AM
941,1,15086.06,14935.94,9/22/2022 12:00:00 AM
942,1,15049.88,14900.13,9/21/2022 12:00:00 AM
943,1,15054.9,14905.1,9/20/2022 12:00:00 AM
944,1,15013.69,14864.31,9/19/2022 12:00:00 AM
945,1,14973.5,14824.5,9/16/2022 12:00:00 AM
946,1,14997.61,14848.39,9/15/2022 12:00:00 AM
947,1,14935.31,14786.69,9/14/2022 12:00:00 AM
948,1,14913.19,14764.81,9/13/2022 12:00:00 AM
949,1,14920.23,14771.77,9/12/2022 12:00:00 AM
950,1,14979.52,14830.48,9/9/2022 12:00:00 AM
951,1,15001.64,14852.36,9/8/2022 12:00:00 AM
952,1,14959.42,14810.58,9/7/2022 12:00:00 AM
953,1,14994.6,14845.4,9/6/2022 12:00:00 AM
954,1,14974.5,14825.5,9/5/2022 12:00:00 AM
955,1,14958.42,14809.58,9/2/2022 12:00:00 AM
956,1,14927.26,14778.74,9/1/2022 12:00:00 AM
957,1,14949.38,14800.63,8/31/2022 12:00:00 AM
958,1,14961.43,14812.57,8/30/2022 12:00:00 AM
959,1,14888.07,14739.93,8/29/2022 12:00:00 AM
960,1,14901.14,14752.86,8/26/2022 12:00:00 AM
961,1,14925.25,14776.75,8/25/2022 12:00:00 AM
962,1,14967.47,14818.53,8/24/2022 12:00:00 AM
963,1,14956.41,14807.59,8/23/2022 12:00:00 AM
964,1,14932.29,14783.71,8/22/2022 12:00:00 AM
965,1,14896.11,14747.89,8/19/2022 12:00:00 AM
966,1,14840.83,14693.17,8/18/2022 12:00:00 AM
967,1,14800.64,14653.36,8/16/2022 12:00:00 AM
968,1,14761.44,14614.56,8/15/2022 12:00:00 AM
969,1,14873,14725,8/12/2022 12:00:00 AM
970,1,14949.38,14800.63,8/11/2022 12:00:00 AM
971,1,14936.31,14787.69,8/10/2022 12:00:00 AM
972,1,14989.58,14840.42,8/9/2022 12:00:00 AM
973,1,14978.52,14829.48,8/8/2022 12:00:00 AM
974,1,15003.65,14854.35,8/5/2022 12:00:00 AM
975,1,14991.58,14842.42,8/4/2022 12:00:00 AM
976,1,14962.44,14813.56,8/3/2022 12:00:00 AM
977,1,14948.37,14799.63,8/2/2022 12:00:00 AM
978,1,14934.3,14785.7,8/1/2022 12:00:00 AM
979,1,15032.79,14883.21,7/29/2022 12:00:00 AM
980,1,15095.1,14944.9,7/28/2022 12:00:00 AM
981,1,15058.92,14909.08,7/27/2022 12:00:00 AM
982,1,15066.96,14917.04,7/26/2022 12:00:00 AM
983,1,15099.12,14948.88,7/25/2022 12:00:00 AM
984,1,15092.08,14941.92,7/22/2022 12:00:00 AM
985,1,15058.92,14909.08,7/21/2022 12:00:00 AM
986,1,15066.96,14917.04,7/20/2022 12:00:00 AM
987,1,15060.93,14911.07,7/19/2022 12:00:00 AM
988,1,15074,14924,7/18/2022 12:00:00 AM
989,1,15074,14924,7/15/2022 12:00:00 AM
990,1,15059.92,14910.08,7/14/2022 12:00:00 AM
991,1,15067.97,14918.03,7/13/2022 12:00:00 AM
992,1,15043.84,14894.16,7/12/2022 12:00:00 AM
993,1,15055.91,14906.1,7/11/2022 12:00:00 AM
994,1,15060.93,14911.07,7/8/2022 12:00:00 AM
995,1,15090.08,14939.93,7/7/2022 12:00:00 AM
996,1,15064.95,14915.05,7/6/2022 12:00:00 AM
997,1,15034.8,14885.2,7/5/2022 12:00:00 AM
998,1,15030.78,14881.22,7/4/2022 12:00:00 AM
999,1,14956.41,14807.59,7/1/2022 12:00:00 AM
1000,1,14922.24,14773.76,6/30/2022 12:00:00 AM
1001,1,14911.19,14762.82,6/29/2022 12:00:00 AM
1002,1,14876.01,14727.99,6/28/2022 12:00:00 AM
1003,1,14920.23,14771.77,6/27/2022 12:00:00 AM
1004,1,14909.18,14760.83,6/24/2022 12:00:00 AM
1005,1,14934.3,14785.7,6/23/2022 12:00:00 AM
1006,1,14878.02,14729.98,6/22/2022 12:00:00 AM
1007,1,14910.18,14761.82,6/21/2022 12:00:00 AM
1008,1,14902.14,14753.86,6/20/2022 12:00:00 AM
1009,1,14814.71,14667.3,6/17/2022 12:00:00 AM
1010,1,14819.73,14672.27,6/16/2022 12:00:00 AM
1011,1,14802.65,14655.36,6/15/2022 12:00:00 AM
1012,1,14745.36,14598.64,6/14/2022 12:00:00 AM
1013,1,14641.85,14496.16,6/13/2022 12:00:00 AM
1014,1,14627.78,14482.23,6/10/2022 12:00:00 AM
1015,1,14549.39,14404.62,6/9/2022 12:00:00 AM
1016,1,14536.32,14391.68,6/8/2022 12:00:00 AM
1017,1,14534.31,14389.69,6/7/2022 12:00:00 AM
1018,1,14503.16,14358.85,6/6/2022 12:00:00 AM
1019,1,14598.63,14453.37,6/3/2022 12:00:00 AM
1020,1,14664.96,14519.04,6/2/2022 12:00:00 AM
1021,1,14616.72,14471.28,5/31/2022 12:00:00 AM
1022,1,14650.89,14505.11,5/30/2022 12:00:00 AM
1023,1,14718.23,14571.78,5/27/2022 12:00:00 AM
1024,1,14726.27,14579.74,5/25/2022 12:00:00 AM
1025,1,14738.33,14591.68,5/24/2022 12:00:00 AM
1026,1,14734.31,14587.7,5/23/2022 12:00:00 AM
1027,1,14804.66,14657.35,5/20/2022 12:00:00 AM
1028,1,14755.41,14608.59,5/19/2022 12:00:00 AM
1029,1,14724.26,14577.75,5/18/2022 12:00:00 AM
1030,1,14692.1,14545.91,5/17/2022 12:00:00 AM
1031,1,14657.93,14512.08,5/13/2022 12:00:00 AM
1032,1,14618.73,14473.27,5/12/2022 12:00:00 AM
1033,1,14618.73,14473.27,5/11/2022 12:00:00 AM
1034,1,14606.67,14461.33,5/10/2022 12:00:00 AM
1035,1,14552.4,14407.6,5/9/2022 12:00:00 AM
1036,1,14490.09,14345.91,4/28/2022 12:00:00 AM
1037,1,14484.06,14339.94,4/27/2022 12:00:00 AM
1038,1,14524.26,14379.74,4/26/2022 12:00:00 AM
1039,1,14432.81,14289.2,4/25/2022 12:00:00 AM
1040,1,14419.74,14276.26,4/22/2022 12:00:00 AM
1041,1,14422.76,14279.25,4/21/2022 12:00:00 AM
1042,1,14418.74,14275.27,4/20/2022 12:00:00 AM
1043,1,14427.78,14284.22,4/19/2022 12:00:00 AM
1044,1,14420.75,14277.26,4/18/2022 12:00:00 AM
1045,1,14430.8,14287.21,4/14/2022 12:00:00 AM
1046,1,14435.82,14292.18,4/13/2022 12:00:00 AM
1047,1,14441.85,14298.15,4/12/2022 12:00:00 AM
1048,1,14436.83,14293.18,4/11/2022 12:00:00 AM
1049,1,14430.8,14287.21,4/8/2022 12:00:00 AM
1050,1,14435.82,14292.18,4/7/2022 12:00:00 AM
1051,1,14419.74,14276.26,4/6/2022 12:00:00 AM
1052,1,14433.81,14290.19,4/5/2022 12:00:00 AM
1053,1,14435.82,14292.18,4/4/2022 12:00:00 AM
1054,1,14428.79,14285.22,4/1/2022 12:00:00 AM
1055,1,14420.75,14277.26,3/31/2022 12:00:00 AM
1056,1,14435.82,14292.18,3/30/2022 12:00:00 AM
1057,1,14431.8,14288.2,3/29/2022 12:00:00 AM
1058,1,14412.71,14269.3,3/28/2022 12:00:00 AM
1059,1,14432.81,14289.2,3/25/2022 12:00:00 AM
1060,1,14422.76,14279.25,3/24/2022 12:00:00 AM
1061,1,14429.79,14286.21,3/23/2022 12:00:00 AM
1062,1,14412.71,14269.3,3/22/2022 12:00:00 AM
1063,1,14411.7,14268.3,3/21/2022 12:00:00 AM
1064,1,14361.45,14218.55,3/18/2022 12:00:00 AM
1065,1,14382.56,14239.45,3/17/2022 12:00:00 AM
1066,1,14392.61,14249.4,3/16/2022 12:00:00 AM
1067,1,14399.64,14256.36,3/15/2022 12:00:00 AM
1068,1,14377.53,14234.47,3/14/2022 12:00:00 AM
1069,1,14369.49,14226.51,3/11/2022 12:00:00 AM
1070,1,14442.86,14299.15,3/10/2022 12:00:00 AM
1071,1,14465.97,14322.03,3/9/2022 12:00:00 AM
1072,1,14483.06,14338.95,3/8/2022 12:00:00 AM
1073,1,14454.92,14311.09,3/7/2022 12:00:00 AM
1074,1,14444.87,14301.14,3/4/2022 12:00:00 AM
1075,1,14421.75,14278.25,3/2/2022 12:00:00 AM
1076,1,14440.85,14297.16,3/1/2022 12:00:00 AM
1077,1,14442.86,14299.15,2/25/2022 12:00:00 AM
1078,1,14426.78,14283.23,2/24/2022 12:00:00 AM
1079,1,14433.81,14290.19,2/23/2022 12:00:00 AM
1080,1,14400.65,14257.36,2/22/2022 12:00:00 AM
1081,1,14410.7,14267.31,2/21/2022 12:00:00 AM
1082,1,14372.51,14229.5,2/18/2022 12:00:00 AM
1083,1,14349.39,14206.61,2/17/2022 12:00:00 AM
1084,1,14363.46,14220.54,2/16/2022 12:00:00 AM
1085,1,14409.69,14266.31,2/15/2022 12:00:00 AM
1086,1,14430.8,14287.21,2/14/2022 12:00:00 AM
1087,1,14415.72,14272.28,2/11/2022 12:00:00 AM
1088,1,14437.83,14294.17,2/10/2022 12:00:00 AM
1089,1,14456.93,14313.08,2/9/2022 12:00:00 AM
1090,1,14476.02,14331.98,2/8/2022 12:00:00 AM
1091,1,14447.88,14304.12,2/7/2022 12:00:00 AM
1092,1,14452.91,14309.1,2/4/2022 12:00:00 AM
1093,1,14418.74,14275.27,2/3/2022 12:00:00 AM
1094,1,14463.96,14320.04,2/2/2022 12:00:00 AM
1095,1,14452.91,14309.1,1/31/2022 12:00:00 AM
1096,1,14456.93,14313.08,1/28/2022 12:00:00 AM
1097,1,14417.73,14274.27,1/27/2022 12:00:00 AM
1098,1,14429.79,14286.21,1/26/2022 12:00:00 AM
1099,1,14398.64,14255.37,1/25/2022 12:00:00 AM
1100,1,14418.74,14275.27,1/24/2022 12:00:00 AM
1101,1,14425.77,14282.23,1/21/2022 12:00:00 AM
1102,1,14441.85,14298.15,1/20/2022 12:00:00 AM
1103,1,14396.63,14253.38,1/19/2022 12:00:00 AM
1104,1,14394.62,14251.39,1/18/2022 12:00:00 AM
1105,1,14381.55,14238.45,1/17/2022 12:00:00 AM
1106,1,14382.56,14239.45,1/14/2022 12:00:00 AM
1107,1,14373.51,14230.49,1/13/2022 12:00:00 AM
1108,1,14370.5,14227.51,1/12/2022 12:00:00 AM
1109,1,14394.62,14251.39,1/11/2022 12:00:00 AM
1110,1,14431.8,14288.2,1/10/2022 12:00:00 AM
1111,1,14467.98,14324.02,1/7/2022 12:00:00 AM
1112,1,14436.83,14293.18,1/6/2022 12:00:00 AM
1113,1,14381.55,14238.45,1/5/2022 12:00:00 AM
1114,1,14341.35,14198.65,1/4/2022 12:00:00 AM
1115,1,14349.39,14206.61,1/3/2022 12:00:00 AM
1116,1,14340.35,14197.66,12/31/2021 12:00:00 AM
1117,1,14336.33,14193.68,12/30/2021 12:00:00 AM
1118,1,14308.19,14165.82,12/29/2021 12:00:00 AM
1119,1,14296.13,14153.88,12/28/2021 12:00:00 AM
1120,1,14290.1,14147.91,12/27/2021 12:00:00 AM
1121,1,14322.26,14179.75,12/24/2021 12:00:00 AM
1122,1,14335.32,14192.68,12/23/2021 12:00:00 AM
1123,1,14420.75,14277.26,12/22/2021 12:00:00 AM
1124,1,14455.92,14312.08,12/21/2021 12:00:00 AM
1125,1,14414.72,14271.29,12/20/2021 12:00:00 AM
1126,1,14414.72,14271.29,12/17/2021 12:00:00 AM
1127,1,14408.69,14265.32,12/16/2021 12:00:00 AM
1128,1,14419.74,14276.26,12/15/2021 12:00:00 AM
1129,1,14417.73,14274.27,12/14/2021 12:00:00 AM
1130,1,14449.89,14306.11,12/13/2021 12:00:00 AM
1131,1,14422.76,14279.25,12/10/2021 12:00:00 AM
1132,1,14419.74,14276.26,12/9/2021 12:00:00 AM
1133,1,14480.04,14335.96,12/8/2021 12:00:00 AM
1134,1,14513.21,14368.8,12/7/2021 12:00:00 AM
1135,1,14480.04,14335.96,12/6/2021 12:00:00 AM
1136,1,14449.89,14306.11,12/3/2021 12:00:00 AM
1137,1,14424.77,14281.24,12/2/2021 12:00:00 AM
1138,1,14391.6,14248.4,12/1/2021 12:00:00 AM
1139,1,14411.7,14268.3,11/30/2021 12:00:00 AM
1140,1,14351.4,14208.6,11/29/2021 12:00:00 AM
1141,1,14351.4,14208.6,11/26/2021 12:00:00 AM
1142,1,14343.36,14200.64,11/25/2021 12:00:00 AM
1143,1,14343.36,14200.64,11/24/2021 12:00:00 AM
1144,1,14326.28,14183.73,11/23/2021 12:00:00 AM
1145,1,14308.19,14165.82,11/22/2021 12:00:00 AM
1146,1,14302.16,14159.85,11/19/2021 12:00:00 AM
1147,1,14330.3,14187.71,11/18/2021 12:00:00 AM
1148,1,14282.06,14139.95,11/17/2021 12:00:00 AM
1149,1,14277.03,14134.97,11/16/2021 12:00:00 AM
1150,1,14314.22,14171.79,11/15/2021 12:00:00 AM
1151,1,14359.44,14216.56,11/12/2021 12:00:00 AM
1152,1,14324.27,14181.74,11/11/2021 12:00:00 AM
1153,1,14304.17,14161.84,11/10/2021 12:00:00 AM
1154,1,14339.34,14196.66,11/9/2021 12:00:00 AM
1155,1,14445.87,14302.13,11/8/2021 12:00:00 AM
1156,1,14398.64,14255.37,11/5/2021 12:00:00 AM
1157,1,14372.51,14229.5,11/4/2021 12:00:00 AM
1158,1,14332.31,14189.7,11/3/2021 12:00:00 AM
1159,1,14306.18,14163.83,11/2/2021 12:00:00 AM
1160,1,14241.86,14100.15,11/1/2021 12:00:00 AM
1161,1,14270,14128.01,10/29/2021 12:00:00 AM
1162,1,14254.92,14113.08,10/28/2021 12:00:00 AM
1163,1,14235.83,14094.18,10/27/2021 12:00:00 AM
1164,1,14253.92,14112.09,10/26/2021 12:00:00 AM
1165,1,14232.81,14091.19,10/25/2021 12:00:00 AM
1166,1,14203.67,14062.34,10/22/2021 12:00:00 AM
1167,1,14150.4,14009.6,10/21/2021 12:00:00 AM
1168,1,14166.48,14025.52,10/19/2021 12:00:00 AM
1169,1,14154.42,14013.58,10/18/2021 12:00:00 AM
1170,1,14225.78,14084.23,10/15/2021 12:00:00 AM
1171,1,14292.11,14149.9,10/14/2021 12:00:00 AM
1172,1,14288.09,14145.92,10/13/2021 12:00:00 AM
1173,1,14281.05,14138.95,10/12/2021 12:00:00 AM
1174,1,14296.13,14153.88,10/11/2021 12:00:00 AM
1175,1,14309.19,14166.81,10/8/2021 12:00:00 AM
1176,1,14316.23,14173.78,10/7/2021 12:00:00 AM
1177,1,14331.3,14188.7,10/6/2021 12:00:00 AM
1178,1,14347.38,14204.62,10/5/2021 12:00:00 AM
1179,1,14386.58,14243.43,10/4/2021 12:00:00 AM
1180,1,14392.61,14249.4,10/1/2021 12:00:00 AM
1181,1,14378.54,14235.47,9/30/2021 12:00:00 AM
1182,1,14340.35,14197.66,9/29/2021 12:00:00 AM
1183,1,14329.29,14186.71,9/28/2021 12:00:00 AM
1184,1,14321.25,14178.75,9/27/2021 12:00:00 AM
1185,1,14327.28,14184.72,9/24/2021 12:00:00 AM
1186,1,14320.25,14177.76,9/23/2021 12:00:00 AM
1187,1,14315.22,14172.78,9/22/2021 12:00:00 AM
1188,1,14322.26,14179.75,9/21/2021 12:00:00 AM
1189,1,14304.17,14161.84,9/20/2021 12:00:00 AM
1190,1,14309.19,14166.81,9/17/2021 12:00:00 AM
1191,1,14323.26,14180.74,9/16/2021 12:00:00 AM
1192,1,14328.29,14185.72,9/15/2021 12:00:00 AM
1193,1,14331.3,14188.7,9/14/2021 12:00:00 AM
1194,1,14296.13,14153.88,9/13/2021 12:00:00 AM
1195,1,14343.36,14200.64,9/10/2021 12:00:00 AM
1196,1,14337.33,14194.67,9/9/2021 12:00:00 AM
1197,1,14265.98,14124.03,9/8/2021 12:00:00 AM
1198,1,14310.2,14167.81,9/7/2021 12:00:00 AM
1199,1,14332.31,14189.7,9/6/2021 12:00:00 AM
1200,1,14352.41,14209.6,9/3/2021 12:00:00 AM
1201,1,14355.42,14212.58,9/2/2021 12:00:00 AM
1202,1,14377.53,14234.47,9/1/2021 12:00:00 AM